{"name":"c4b22610-da6f-4d29-bbdd-856906505269","id":"/providers/Microsoft.Flow/flows/c4b22610-da6f-4d29-bbdd-856906505269","type":"Microsoft.Flow/flows","properties":{"apiId":"/providers/Microsoft.PowerApps/apis/shared_logicflows","displayName":"Resolve only EDI Mail Attachment","definition":{"metadata":{"workflowEntityId":null,"processAdvisorMetadata":null,"flowChargedByPaygo":null,"flowclientsuspensionreason":"None","flowclientsuspensiontime":null,"flowclientsuspensionreasondetails":null,"creator":{"id":"6229caa9-7645-4859-a155-d23671951d42","type":"User","tenantId":"05d75c05-fa1a-42e7-9cf1-eb416c396f2d"},"provisioningMethod":"FromDefinition","failureAlertSubscription":true,"clientLastModifiedTime":"2024-09-06T13:10:44.3629195Z","connectionKeySavedTimeKey":"2024-08-23T18:30:28.9008781Z"},"$schema":"https://schema.management.azure.com/providers/Microsoft.Logic/schemas/2016-06-01/workflowdefinition.json#","contentVersion":"1.0.0.0","parameters":{"$connections":{"defaultValue":{},"type":"Object"},"$authentication":{"defaultValue":{},"type":"SecureObject"}},"triggers":{"Recurrence":{"recurrence":{"frequency":"Day","interval":1,"schedule":{"hours":["10","14","18"],"minutes":[5]}},"metadata":{"operationMetadataId":"e030d086-8612-4d2c-9102-1317cd056664"},"type":"Recurrence"}},"actions":{"Initialize_variable":{"runAfter":{},"metadata":{"operationMetadataId":"aef1b2ee-2c4b-4e5b-baf2-6b0eccbc0f44"},"type":"InitializeVariable","inputs":{"variables":[{"name":"ToResolve","type":"array","value":[]}]}},"List_rows_present_in_a_table":{"runAfter":{"Initialize_variable_2":["Succeeded"]},"metadata":{"01WASUEWH3AGP6E76AHZDKSNZRIRPGARZQ":"/General/Bicmapping/Bicmapping.xlsx","operationMetadataId":"0b35d335-8b69-4574-b60d-39eefa45a7b9","tableId":"{C7BB1AA5-35C5-4347-8C3D-84689D1AADE4}"},"type":"OpenApiConnection","inputs":{"host":{"apiId":"/providers/Microsoft.PowerApps/apis/shared_excelonlinebusiness","connectionName":"shared_excelonlinebusiness","operationId":"GetItems"},"parameters":{"source":"groups/56fdfaf9-3c88-4f81-bd81-619cf5a44d9e","drive":"b!rvlYkZDnrEeE6AMTMhFQ3Gisan59IApKjGWrbIRcUx3MQv9QYniJQY3Go2rc-XXt","file":"01WASUEWH3AGP6E76AHZDKSNZRIRPGARZQ","table":"{C7BB1AA5-35C5-4347-8C3D-84689D1AADE4}","$filter":"EmailSent eq 'N'","dateTimeFormat":"ISO 8601"},"authentication":"@parameters('$authentication')"},"runtimeConfiguration":{"paginationPolicy":{"minimumItemCount":15000}}},"Compose":{"runAfter":{"Select":["Succeeded"]},"metadata":{"operationMetadataId":"7b90e9d9-d0fb-4c41-b201-af2be9365c7f"},"type":"Compose","inputs":"@union(body('Select'),body('Select'))"},"Select":{"runAfter":{"Compose_4":["Succeeded"]},"metadata":{"operationMetadataId":"385e8676-dd59-4a01-a236-bd5078b73ab4"},"type":"Select","inputs":{"from":"@outputs('List_rows_present_in_a_table_2')?['body/value']","select":"@item()?['ID']"}},"Apply_to_each":{"foreach":"@outputs('Compose_3')","actions":{"Get_a_row":{"runAfter":{},"metadata":{"01WASUEWH3AGP6E76AHZDKSNZRIRPGARZQ":"/General/Bicmapping/Bicmapping.xlsx","operationMetadataId":"38ec7bb7-0829-464a-b316-99450ceaae21","tableId":"{C7BB1AA5-35C5-4347-8C3D-84689D1AADE4}"},"type":"OpenApiConnection","inputs":{"host":{"apiId":"/providers/Microsoft.PowerApps/apis/shared_excelonlinebusiness","connectionName":"shared_excelonlinebusiness","operationId":"GetItem"},"parameters":{"source":"groups/56fdfaf9-3c88-4f81-bd81-619cf5a44d9e","drive":"b!rvlYkZDnrEeE6AMTMhFQ3Gisan59IApKjGWrbIRcUx3MQv9QYniJQY3Go2rc-XXt","file":"01WASUEWH3AGP6E76AHZDKSNZRIRPGARZQ","table":"{C7BB1AA5-35C5-4347-8C3D-84689D1AADE4}","idColumn":"ID","id":"@items('Apply_to_each')"},"authentication":"@parameters('$authentication')"}},"Condition":{"actions":{"List_Records_2":{"runAfter":{},"metadata":{"operationMetadataId":"fe8832ab-6c7e-4e0a-9be8-747c7c05ffd2"},"type":"OpenApiConnection","inputs":{"host":{"apiId":"/providers/Microsoft.PowerApps/apis/shared_service-now","connectionName":"shared_service-now_1","operationId":"GetRecords"},"parameters":{"tableType":"incident","sysparm_display_value":false,"sysparm_exclude_reference_link":true,"sysparm_query":"number=@{items('Apply_to_each')}"},"authentication":"@parameters('$authentication')"}},"Apply_to_each_3":{"foreach":"@outputs('List_Records_2')?['body/result']","actions":{"HTTP_2":{"runAfter":{},"metadata":{"operationMetadataId":"b11f1041-bfa9-44fa-88fb-13e1efa5c2f9"},"type":"Http","inputs":{"method":"PATCH","uri":"https://maersk.service-now.com/api/now/v1/table/incident/@{items('Apply_to_each_3')?['sys_id']}?sysparm_exclude_ref_link=true","headers":{"Accept":"application/json","Content-Type":"application/json;charset = UTF-8","Server":"ServiceNow","X-is-logged-in":"true"},"queries":{"number":"@items('Apply_to_each_3')?['number']","incident.state":"6","incident.close_code":"Solved (Automation)","incident.assigned_to":"2366ee591b466d10358ded38b04bcb4f"},"body":{"comments":"@{outputs('Get_a_row')?['body/Partner ID']} ~@{outputs('Get_a_row')?['body/Message Key']} , Error Details:@{outputs('Get_a_row')?['body/Error']} Action: Partner Notified","state":"6","assigned_to":"Tech Support","close_code":"Solved (Automation)","close_notes":"Closure of the ticket from Automation,Notification has been sent to partner Email, with required details"},"authentication":{"type":"Basic","username":"Tech_Support","password":":hT}@_whX@s8Jhn$j6NXtr)^Q!{ePJ,;QvdV]1S6"}}}},"runAfter":{"List_Records_2":["Succeeded"]},"metadata":{"operationMetadataId":"092ed6b9-b681-4ad9-9220-636b7486f5a8"},"type":"Foreach"}},"runAfter":{"Get_a_row":["Succeeded"]},"else":{"actions":{"List_Records":{"runAfter":{},"metadata":{"operationMetadataId":"fe8832ab-6c7e-4e0a-9be8-747c7c05ffd2"},"type":"OpenApiConnection","inputs":{"host":{"apiId":"/providers/Microsoft.PowerApps/apis/shared_service-now","connectionName":"shared_service-now_1","operationId":"GetRecords"},"parameters":{"tableType":"incident","sysparm_display_value":false,"sysparm_exclude_reference_link":true,"sysparm_query":"number=@{items('Apply_to_each')}"},"authentication":"@parameters('$authentication')"}},"Apply_to_each_2":{"foreach":"@outputs('List_Records')?['body/result']","actions":{"HTTP":{"runAfter":{},"metadata":{"operationMetadataId":"b11f1041-bfa9-44fa-88fb-13e1efa5c2f9"},"type":"Http","inputs":{"method":"PATCH","uri":"https://maersk.service-now.com/api/now/v1/table/incident/@{items('Apply_to_each_2')?['sys_id']}?sysparm_exclude_ref_link=true","headers":{"Accept":"application/json","Content-Type":"application/json;charset = UTF-8","Server":"ServiceNow","X-is-logged-in":"true"},"queries":{"number":"@items('Apply_to_each_2')?['number']","incident.state":"6","incident.close_code":"Solved (Automation)","incident.assigned_to":"2366ee591b466d10358ded38b04bcb4f"},"body":{"comments":"@{outputs('Get_a_row')?['body/Partner ID']} ~@{outputs('Get_a_row')?['body/Message Key']} , Error Details:@{outputs('Get_a_row')?['body/Error']} Action: Partner Notified","state":"6","assigned_to":"Tech Support","close_code":"Solved (Automation)","close_notes":"Closure of the ticket from Automation,Notification has been sent to partner Email, with required details"},"authentication":{"type":"Basic","username":"Tech_Support","password":":hT}@_whX@s8Jhn$j6NXtr)^Q!{ePJ,;QvdV]1S6"}}}},"runAfter":{"List_Records":["Succeeded"]},"metadata":{"operationMetadataId":"092ed6b9-b681-4ad9-9220-636b7486f5a8"},"type":"Foreach"}}},"expression":{"equals":["@outputs('Get_a_row')?['body/Mapping Application']","LNS"]},"metadata":{"operationMetadataId":"a52b7636-71ab-4de1-8b41-322ca1c681c6"},"type":"If"}},"runAfter":{"Compose_3":["Succeeded"]},"metadata":{"operationMetadataId":"54f3bc30-32f7-4b5d-a14d-81139a4bf7cb"},"type":"Foreach"},"Initialize_variable_2":{"runAfter":{"Initialize_variable":["Succeeded"]},"metadata":{"operationMetadataId":"71c768bc-e25e-49f8-af87-87cc41711113"},"type":"InitializeVariable","inputs":{"variables":[{"name":"EmptyVariable","type":"array"}]}},"Styling":{"runAfter":{"Compose":["Succeeded"]},"metadata":{"operationMetadataId":"3dec6e5f-10d0-4cd1-a305-4ca254b6e614"},"type":"Compose","inputs":"<style>\n\ntable {\n\n  border: 1px solid \"black\";\n\n  background-color: \"white\";\n\n  width: 100%;\n\n  text-align: left;\n\n  border-collapse: collapse;\n\n}\n\ntable td, table th {\n\n  border: 1px solid #000000;\n\n  padding: 3px 2px;\n\n}\n\ntable tbody td {\n\n  font-size: 13px;\n\n}\n\ntable thead {\n\n  background: \"black\";\n\n  border-bottom: 2px solid #000000;\n\n}\n\ntable thead th {\n\n  font-size: 15px;\n\n  font-weight: bold;\n\n  color: black;\n\n  border-left: 2px solid #000000;\n\n}\n\ntable thead th:first-child {\n\n  border-left: none;\n\n}\n\n</style>"},"List_rows_present_in_a_table_2":{"runAfter":{"List_rows_present_in_a_table":["Succeeded"]},"metadata":{"01WASUEWH3AGP6E76AHZDKSNZRIRPGARZQ":"/General/Bicmapping/Bicmapping.xlsx","operationMetadataId":"0b35d335-8b69-4574-b60d-39eefa45a7b9","tableId":"{5DC0AD71-AE6C-41F6-9AB5-67F2D2F39779}","01WASUEWFCQC7A5CKRZZEKF6X45SJ327QM":"/General/Bicmapping/EDI Resource Attachment .xlsx"},"type":"OpenApiConnection","inputs":{"host":{"apiId":"/providers/Microsoft.PowerApps/apis/shared_excelonlinebusiness","connectionName":"shared_excelonlinebusiness","operationId":"GetItems"},"parameters":{"source":"groups/56fdfaf9-3c88-4f81-bd81-619cf5a44d9e","drive":"b!rvlYkZDnrEeE6AMTMhFQ3Gisan59IApKjGWrbIRcUx3MQv9QYniJQY3Go2rc-XXt","file":"01WASUEWFCQC7A5CKRZZEKF6X45SJ327QM","table":"{5DC0AD71-AE6C-41F6-9AB5-67F2D2F39779}","dateTimeFormat":"ISO 8601"},"authentication":"@parameters('$authentication')"},"runtimeConfiguration":{"paginationPolicy":{"minimumItemCount":15000}}},"Apply_to_each_4":{"foreach":"@outputs('Compose')","actions":{"Filter_array_2":{"runAfter":{},"metadata":{"operationMetadataId":"70cf0661-d6ab-4e79-9be0-271d0f0893f1"},"type":"Query","inputs":{"from":"@body('Select')","where":"@equals(item(), items('Apply_to_each_4'))"}},"Compose_2":{"runAfter":{"Filter_array_2":["Succeeded"]},"metadata":{"operationMetadataId":"1a2a98ed-c0ce-4ac1-8993-2b9a4640458e"},"type":"Compose","inputs":"@length(body('Filter_array_2'))"},"Condition_2":{"actions":{"Append_to_array_variable":{"runAfter":{},"metadata":{"operationMetadataId":"c8151184-4e1e-4848-99b4-941f07631909"},"type":"AppendToArrayVariable","inputs":{"name":"ToResolve","value":"@items('Apply_to_each_4')"}}},"runAfter":{"Compose_2":["Succeeded"]},"expression":{"greaterOrEquals":["@outputs('Compose_2')",50]},"metadata":{"operationMetadataId":"ca27c19a-6fbe-474d-864d-d39a9e506759"},"type":"If"}},"runAfter":{"Styling":["Succeeded"]},"metadata":{"operationMetadataId":"3eef2042-0a10-4d9a-b112-b5d6b5275b88"},"type":"Foreach"},"Compose_3":{"runAfter":{"Apply_to_each_4":["Succeeded"]},"metadata":{"operationMetadataId":"19b12c2b-d9d1-407a-a2e0-3865a60b8cdd"},"type":"Compose","inputs":"@variables('ToResolve')"},"Compose_4":{"runAfter":{"List_rows_present_in_a_table_2":["Succeeded"]},"metadata":{"operationMetadataId":"2397a253-7989-4660-8c4c-cc8d8130a862"},"type":"Compose","inputs":"@union(outputs('List_rows_present_in_a_table_2')?['body'],outputs('List_rows_present_in_a_table_2')?['body'])"},"Post_message_in_a_chat_or_channel":{"runAfter":{"Apply_to_each":["Succeeded"]},"metadata":{"operationMetadataId":"b19a45fc-eecd-48c4-b32f-9e3d82bd5de2"},"type":"OpenApiConnection","inputs":{"host":{"apiId":"/providers/Microsoft.PowerApps/apis/shared_teams","connectionName":"shared_teams_1","operationId":"PostMessageToConversation"},"parameters":{"poster":"Flow bot","location":"Chat with Flow bot","body/recipient":"lakshay.jain@maersk.com;","body/messageBody":"<p>List of more than 50 count resolved but email to be sent:<br>\n@{outputs('Compose_3')}</p>","body/isAlert":true},"authentication":"@parameters('$authentication')"}}}},"connectionReferences":{"shared_excelonlinebusiness":{"connectionName":"shared-excelonlinebu-a86714fd-5a75-4fe5-a246-7a8cadbd6e4a","source":"Embedded","id":"/providers/Microsoft.PowerApps/apis/shared_excelonlinebusiness","tier":"NotSpecified"},"shared_service-now_1":{"connectionName":"c793663feabf48efbe4a668fa1a05e30","source":"Embedded","id":"/providers/Microsoft.PowerApps/apis/shared_service-now","tier":"NotSpecified"},"shared_teams_1":{"connectionName":"6406c9bea0d74e00960d0c354d6f6c93","source":"Embedded","id":"/providers/Microsoft.PowerApps/apis/shared_teams","tier":"NotSpecified"}},"flowFailureAlertSubscribed":false,"isManaged":false}}