{"name":"8710ad80-1033-43b1-b227-b21949302480","id":"/providers/Microsoft.Flow/flows/8710ad80-1033-43b1-b227-b21949302480","type":"Microsoft.Flow/flows","properties":{"apiId":"/providers/Microsoft.PowerApps/apis/shared_logicflows","displayName":"BEP INT-EBIS Automate Queue Handling","definition":{"metadata":{"workflowEntityId":null,"processAdvisorMetadata":null,"flowChargedByPaygo":null,"flowclientsuspensionreason":"None","flowclientsuspensiontime":null,"flowclientsuspensionreasondetails":null,"creator":{"id":"e8104115-8f81-4120-a9e6-8e32c54151d1","type":"User","tenantId":"05d75c05-fa1a-42e7-9cf1-eb416c396f2d"},"provisioningMethod":"FromDefinition","failureAlertSubscription":true,"clientLastModifiedTime":"2024-08-26T13:54:34.5112116Z","connectionKeySavedTimeKey":"2024-08-26T13:54:34.5112116Z"},"$schema":"https://schema.management.azure.com/providers/Microsoft.Logic/schemas/2016-06-01/workflowdefinition.json#","contentVersion":"1.0.0.0","parameters":{"$connections":{"defaultValue":{},"type":"Object"},"$authentication":{"defaultValue":{},"type":"SecureObject"}},"triggers":{"Recurrence":{"recurrence":{"frequency":"Minute","interval":5},"metadata":{"operationMetadataId":"d15a1304-5e03-4b97-a70e-29385fe259f4"},"type":"Recurrence"}},"actions":{"List_rows_present_in_Login_Sheet":{"runAfter":{"Delay_7":["Succeeded"]},"metadata":{"012EFUUM77TWHW2JHD5RH3PAPHDPLZWRKS":"/Documents/Queue Handling in Service Now/Book1.xlsx","operationMetadataId":"755216ad-b2c2-4356-bcea-4fb5d11889a6","tableId":"{10F1A1DE-E5C2-453D-8FBD-81C5287CE1D2}","012EFUUM7DSMPN4NDLJ5ELY43ABAOO6HEM":"/Documents/Queue Handling in Service Now/Automate Queue Handling Data.xlsx","012EFUUMZ5NPQHTTPXERCZ3ZGDEKK45HA5":"/Documents/Queue Handling in Service Now/Book1 - Copy.xlsx","01CIZFCRBOZ6ZKNV6HUFBJUV3QL6IR4SY3":"/General/BEP INT_Queue Handling/eBIS L1 Queue/Automate Queue Handling Data.xlsx","01WLSW6AX4MDVF7E7LTBC2XQZGH5YXELOA":"/General/Others/eBIS_Queue Handling/Automate Queue Handling Data.xlsx"},"type":"OpenApiConnection","inputs":{"host":{"apiId":"/providers/Microsoft.PowerApps/apis/shared_excelonlinebusiness","connectionName":"shared_excelonlinebusiness","operationId":"GetItems"},"parameters":{"source":"groups/e9e57376-208e-49cd-ada4-7d8f9a795b63","drive":"b!cC5zM7SnG0yW06f2TU8j13UTzg2FzrFAk1flB7GIvt81ySZ7or9ASqZgBFnrwNfk","file":"01WLSW6AX4MDVF7E7LTBC2XQZGH5YXELOA","table":"{10F1A1DE-E5C2-453D-8FBD-81C5287CE1D2}"},"authentication":"@parameters('$authentication')"}},"List_rows_present_in_ticket_assignment_count_sheet":{"runAfter":{"List_rows_present_in_Login_Sheet":["Succeeded"]},"metadata":{"012EFUUM77TWHW2JHD5RH3PAPHDPLZWRKS":"/Documents/Queue Handling in Service Now/Book1.xlsx","operationMetadataId":"364e8d65-017b-40c7-bc28-08878453d3b0","tableId":"{AB94A16F-3713-48E8-B1B6-4413C0C7BCF7}","01CIZFCRAHO3S3E3WXXFDINQC3FTBDKFNI":"/General/Queue Handling_Service Desk/Ticket_Assignment Queue.xlsx","01CIZFCRHC2X2QA4ZHMFEZ562MMG7QV3JG":"/General/BEP INT_Queue Handling/eBIS L1 Queue/Ticket_Assignment Queue.xlsx"},"type":"OpenApiConnection","inputs":{"host":{"apiId":"/providers/Microsoft.PowerApps/apis/shared_excelonlinebusiness","connectionName":"shared_excelonlinebusiness","operationId":"GetItems"},"parameters":{"source":"groups/7b519f4d-bbc1-439c-839a-ecca8e8b9cca","drive":"b!JQImw_Ysyk6GPfeO7xHQb3MJzR-wtoBCq4hb212GejpEj7fC_qZXQ4vWCdACy8xp","file":"01CIZFCRHC2X2QA4ZHMFEZ562MMG7QV3JG","table":"{AB94A16F-3713-48E8-B1B6-4413C0C7BCF7}"},"authentication":"@parameters('$authentication')"}},"Delay":{"runAfter":{"Apply_to_each_6":["Succeeded","Failed"]},"metadata":{"operationMetadataId":"cd60029a-0c8d-40f7-bc78-c98e41b18108"},"type":"Wait","inputs":{"interval":{"count":5,"unit":"Second"}}},"Filter_persons_in_a_shift":{"runAfter":{"List_rows_present_in_ticket_assignment_count_sheet":["Succeeded"]},"metadata":{"operationMetadataId":"a5ec8f88-081c-4bbf-ae5c-eaf7f22695c7"},"type":"Query","inputs":{"from":"@outputs('List_rows_present_in_ticket_assignment_count_sheet')?['body/value']","where":"@not(equals(item()?['APM ID'], ''))"}},"Select":{"runAfter":{"Filter_persons_in_a_shift":["Succeeded"]},"metadata":{"operationMetadataId":"a5ae2ffe-c7ec-44bb-80c5-133cb5cdab16"},"type":"Select","inputs":{"from":"@body('Filter_persons_in_a_shift')","select":"@item()['APM ID']"}},"Test_ticket_count":{"runAfter":{},"metadata":{"operationMetadataId":"0bafa34c-64eb-410d-a358-b65e04f2d886"},"type":"InitializeVariable","inputs":{"variables":[{"name":"Ticket_count","type":"integer","value":8}]}},"List_rows_in_Assigned_Data_Sheet":{"runAfter":{"Delay":["Succeeded"]},"metadata":{"012EFUUM77TWHW2JHD5RH3PAPHDPLZWRKS":"/Documents/Queue Handling in Service Now/Book1.xlsx","operationMetadataId":"cac98206-8fbb-4f74-90b6-40bf3e81f7a9","tableId":"{2930CAD5-1AD4-4B83-A756-C6C2A09BCC56}","012EFUUM7DSMPN4NDLJ5ELY43ABAOO6HEM":"/Documents/Queue Handling in Service Now/Automate Queue Handling Data.xlsx","012EFUUMZ5NPQHTTPXERCZ3ZGDEKK45HA5":"/Documents/Queue Handling in Service Now/Book1 - Copy.xlsx","01CIZFCRBOZ6ZKNV6HUFBJUV3QL6IR4SY3":"/General/BEP INT_Queue Handling/eBIS L1 Queue/Automate Queue Handling Data.xlsx"},"type":"OpenApiConnection","inputs":{"host":{"apiId":"/providers/Microsoft.PowerApps/apis/shared_excelonlinebusiness","connectionName":"shared_excelonlinebusiness_1","operationId":"GetItems"},"parameters":{"source":"groups/7b519f4d-bbc1-439c-839a-ecca8e8b9cca","drive":"b!JQImw_Ysyk6GPfeO7xHQb3MJzR-wtoBCq4hb212GejpEj7fC_qZXQ4vWCdACy8xp","file":"01CIZFCRBOZ6ZKNV6HUFBJUV3QL6IR4SY3","table":"{2930CAD5-1AD4-4B83-A756-C6C2A09BCC56}"},"authentication":"@parameters('$authentication')"}},"Apply_to_each_6":{"foreach":"@outputs('List_rows_present_in_ticket_assignment_count_sheet')?['body/value']","actions":{"Get_a_row":{"runAfter":{},"metadata":{"012EFUUM77TWHW2JHD5RH3PAPHDPLZWRKS":"/Documents/Queue Handling in Service Now/Book1.xlsx","operationMetadataId":"6d19e8c2-2015-4efb-b415-8548fc3628c3","tableId":"{10F1A1DE-E5C2-453D-8FBD-81C5287CE1D2}","012EFUUM7DSMPN4NDLJ5ELY43ABAOO6HEM":"/Documents/Queue Handling in Service Now/Automate Queue Handling Data.xlsx","012EFUUMZ5NPQHTTPXERCZ3ZGDEKK45HA5":"/Documents/Queue Handling in Service Now/Book1 - Copy.xlsx","01CIZFCRBOZ6ZKNV6HUFBJUV3QL6IR4SY3":"/General/BEP INT_Queue Handling/eBIS L1 Queue/Automate Queue Handling Data.xlsx","01WLSW6AX4MDVF7E7LTBC2XQZGH5YXELOA":"/General/Others/eBIS_Queue Handling/Automate Queue Handling Data.xlsx"},"type":"OpenApiConnection","inputs":{"host":{"apiId":"/providers/Microsoft.PowerApps/apis/shared_excelonlinebusiness","connectionName":"shared_excelonlinebusiness_1","operationId":"GetItem"},"parameters":{"source":"groups/e9e57376-208e-49cd-ada4-7d8f9a795b63","drive":"b!cC5zM7SnG0yW06f2TU8j13UTzg2FzrFAk1flB7GIvt81ySZ7or9ASqZgBFnrwNfk","file":"01WLSW6AX4MDVF7E7LTBC2XQZGH5YXELOA","table":"{10F1A1DE-E5C2-453D-8FBD-81C5287CE1D2}","idColumn":"APM ID","id":"@items('Apply_to_each_6')?['APM ID']"},"authentication":"@parameters('$authentication')"}},"Delete_a_row_3":{"runAfter":{"Get_a_row":["Failed"]},"metadata":{"012EFUUM77TWHW2JHD5RH3PAPHDPLZWRKS":"/Documents/Queue Handling in Service Now/Book1.xlsx","operationMetadataId":"d929139e-4dda-49a7-aaca-11e0d108d752","tableId":"{AB94A16F-3713-48E8-B1B6-4413C0C7BCF7}","01CIZFCRAHO3S3E3WXXFDINQC3FTBDKFNI":"/General/Queue Handling_Service Desk/Ticket_Assignment Queue.xlsx","01CIZFCRHC2X2QA4ZHMFEZ562MMG7QV3JG":"/General/BEP INT_Queue Handling/eBIS L1 Queue/Ticket_Assignment Queue.xlsx"},"type":"OpenApiConnection","inputs":{"host":{"apiId":"/providers/Microsoft.PowerApps/apis/shared_excelonlinebusiness","connectionName":"shared_excelonlinebusiness_1","operationId":"DeleteItem"},"parameters":{"source":"groups/7b519f4d-bbc1-439c-839a-ecca8e8b9cca","drive":"b!JQImw_Ysyk6GPfeO7xHQb3MJzR-wtoBCq4hb212GejpEj7fC_qZXQ4vWCdACy8xp","file":"01CIZFCRHC2X2QA4ZHMFEZ562MMG7QV3JG","table":"{AB94A16F-3713-48E8-B1B6-4413C0C7BCF7}","idColumn":"APM ID","id":"@items('Apply_to_each_6')?['APM ID']"},"authentication":"@parameters('$authentication')"}}},"runAfter":{"Select_2":["Succeeded"]},"metadata":{"operationMetadataId":"33aa4d03-1863-4c41-abc4-21f9f7cc7f8b"},"type":"Foreach"},"Apply_to_each_7":{"foreach":"@outputs('List_rows_present_in_Login_Sheet')?['body/value']","actions":{"Condition_4":{"actions":{"Delete_a_row_7":{"runAfter":{"Update_a_row_2":["Succeeded","Failed"]},"metadata":{"operationMetadataId":"9a13434c-bb5f-4163-88bc-dc018d652b67","tableId":"{AB94A16F-3713-48E8-B1B6-4413C0C7BCF7}","01CIZFCRAHO3S3E3WXXFDINQC3FTBDKFNI":"/General/Queue Handling_Service Desk/Ticket_Assignment Queue.xlsx","01CIZFCRHC2X2QA4ZHMFEZ562MMG7QV3JG":"/General/BEP INT_Queue Handling/eBIS L1 Queue/Ticket_Assignment Queue.xlsx"},"type":"OpenApiConnection","inputs":{"host":{"apiId":"/providers/Microsoft.PowerApps/apis/shared_excelonlinebusiness","connectionName":"shared_excelonlinebusiness_1","operationId":"DeleteItem"},"parameters":{"source":"groups/7b519f4d-bbc1-439c-839a-ecca8e8b9cca","drive":"b!JQImw_Ysyk6GPfeO7xHQb3MJzR-wtoBCq4hb212GejpEj7fC_qZXQ4vWCdACy8xp","file":"01CIZFCRHC2X2QA4ZHMFEZ562MMG7QV3JG","table":"{AB94A16F-3713-48E8-B1B6-4413C0C7BCF7}","idColumn":"APM ID","id":"@items('Apply_to_each_7')?['APM ID']"},"authentication":"@parameters('$authentication')"}},"Compose":{"runAfter":{"Delete_a_row_7":["Succeeded","Failed"]},"metadata":{"operationMetadataId":"d44412c3-a023-416c-8356-7a4ad30b305e"},"type":"Compose","inputs":1},"Update_a_row_2":{"runAfter":{},"metadata":{"012EFUUM7JSFXJS4IYPRG3H7XS7HXHP3PU":"/Documents/Queue Handling in Service Now/Login Time.xlsx","operationMetadataId":"d66e0eef-8548-4584-94e7-316f26e4e210","tableId":"{BC0A0C7B-211B-4A74-8FB8-6FA5D81F2167}","01CIZFCRDH7QAILLHT7JBLUQOAVYH3M73I":"/General/Queue Handling_Service Desk/Login Time.xlsx","01CIZFCRGKM3EEXOJYT5D2EWIFPVZK5DFB":"/General/BEP INT_Queue Handling/eBIS L1 Queue/Login Time.xlsx"},"type":"OpenApiConnection","inputs":{"host":{"apiId":"/providers/Microsoft.PowerApps/apis/shared_excelonlinebusiness","connectionName":"shared_excelonlinebusiness","operationId":"PatchItem"},"parameters":{"source":"groups/7b519f4d-bbc1-439c-839a-ecca8e8b9cca","drive":"b!JQImw_Ysyk6GPfeO7xHQb3MJzR-wtoBCq4hb212GejpEj7fC_qZXQ4vWCdACy8xp","file":"01CIZFCRGKM3EEXOJYT5D2EWIFPVZK5DFB","table":"{BC0A0C7B-211B-4A74-8FB8-6FA5D81F2167}","idColumn":"Temp_key","id":"@items('Apply_to_each_7')?['APM ID']","item/Temp_key":" ","item/LogOut":"@convertFromUtc(utcNow(), 'Singapore Standard Time', 'dd-MM-yyyy hh:mm')"},"authentication":"@parameters('$authentication')"}}},"runAfter":{},"expression":{"equals":["@items('Apply_to_each_7')?['Logout']","LogOut"]},"metadata":{"operationMetadataId":"3cd9da97-217a-4fa5-9113-035d18b68dad"},"type":"If"},"Condition_3":{"actions":{},"runAfter":{"Condition_4":["Succeeded","Failed"]},"else":{"actions":{"Condition_6":{"actions":{"Add_a_row_into_a_table_2":{"runAfter":{"Get_a_row_4":["Succeeded"]},"metadata":{"012EFUUM77TWHW2JHD5RH3PAPHDPLZWRKS":"/Documents/Queue Handling in Service Now/Book1.xlsx","operationMetadataId":"3221a07f-4b89-4a0c-bef0-3b280b9b1072","tableId":"{AB94A16F-3713-48E8-B1B6-4413C0C7BCF7}","01CIZFCRAHO3S3E3WXXFDINQC3FTBDKFNI":"/General/Queue Handling_Service Desk/Ticket_Assignment Queue.xlsx","01CIZFCRHC2X2QA4ZHMFEZ562MMG7QV3JG":"/General/BEP INT_Queue Handling/eBIS L1 Queue/Ticket_Assignment Queue.xlsx"},"type":"OpenApiConnection","inputs":{"host":{"apiId":"/providers/Microsoft.PowerApps/apis/shared_excelonlinebusiness","connectionName":"shared_excelonlinebusiness_1","operationId":"AddRowV2"},"parameters":{"source":"groups/7b519f4d-bbc1-439c-839a-ecca8e8b9cca","drive":"b!JQImw_Ysyk6GPfeO7xHQb3MJzR-wtoBCq4hb212GejpEj7fC_qZXQ4vWCdACy8xp","file":"01CIZFCRHC2X2QA4ZHMFEZ562MMG7QV3JG","table":"{AB94A16F-3713-48E8-B1B6-4413C0C7BCF7}","item/Name":"@outputs('Get_a_row_4')?['body/Name ']","item/APM ID":"@outputs('Get_a_row_4')?['body/APM ID']","item/Mail ID":"@outputs('Get_a_row_4')?['body/Email Address']"},"authentication":"@parameters('$authentication')"}},"Add_a_row_Login_LogOut_Time__2":{"runAfter":{"Add_a_row_into_a_table_2":["Succeeded"]},"metadata":{"012EFUUM7JSFXJS4IYPRG3H7XS7HXHP3PU":"/Documents/Queue Handling in Service Now/Login Time.xlsx","operationMetadataId":"10f8d4dd-08ef-42bc-a46c-ed5fc3458852","tableId":"{BC0A0C7B-211B-4A74-8FB8-6FA5D81F2167}","01CIZFCRDH7QAILLHT7JBLUQOAVYH3M73I":"/General/Queue Handling_Service Desk/Login Time.xlsx","01CIZFCRGKM3EEXOJYT5D2EWIFPVZK5DFB":"/General/BEP INT_Queue Handling/eBIS L1 Queue/Login Time.xlsx"},"type":"OpenApiConnection","inputs":{"host":{"apiId":"/providers/Microsoft.PowerApps/apis/shared_excelonlinebusiness","connectionName":"shared_excelonlinebusiness","operationId":"AddRowV2"},"parameters":{"source":"groups/7b519f4d-bbc1-439c-839a-ecca8e8b9cca","drive":"b!JQImw_Ysyk6GPfeO7xHQb3MJzR-wtoBCq4hb212GejpEj7fC_qZXQ4vWCdACy8xp","file":"01CIZFCRGKM3EEXOJYT5D2EWIFPVZK5DFB","table":"{BC0A0C7B-211B-4A74-8FB8-6FA5D81F2167}","item/APMID":"@outputs('Get_a_row_4')?['body/APM ID']","item/Temp_key":"@outputs('Get_a_row_4')?['body/APM ID']","item/Name":"@outputs('Get_a_row_4')?['body/Name ']","item/Email":"@outputs('Get_a_row_4')?['body/Email Address']","item/LogIn":"@convertFromUtc(utcNow(), 'Singapore Standard Time', 'dd-MM-yyyy hh:mm')"},"authentication":"@parameters('$authentication')"}},"Get_a_row_4":{"runAfter":{},"metadata":{"012EFUUMZ5NPQHTTPXERCZ3ZGDEKK45HA5":"/Documents/Queue Handling in Service Now/Book1 - Copy.xlsx","operationMetadataId":"6d404d47-575e-4647-95a8-2fd783e2bef0","tableId":"{1D2B3993-280A-4669-B0D4-B3BCDEE02E53}","01CIZFCRDEYP7HHGM6ANFYT3UXSDL3H75N":"/General/Queue Handling_Service Desk/Member Details.xlsx","01CIZFCRBH2ADMAP6EVZCJ4J4H45JZE42P":"/General/BEP INT_Queue Handling/eBIS L1 Queue/Member Details.xlsx"},"type":"OpenApiConnection","inputs":{"host":{"apiId":"/providers/Microsoft.PowerApps/apis/shared_excelonlinebusiness","connectionName":"shared_excelonlinebusiness","operationId":"GetItem"},"parameters":{"source":"groups/7b519f4d-bbc1-439c-839a-ecca8e8b9cca","drive":"b!JQImw_Ysyk6GPfeO7xHQb3MJzR-wtoBCq4hb212GejpEj7fC_qZXQ4vWCdACy8xp","file":"01CIZFCRBH2ADMAP6EVZCJ4J4H45JZE42P","table":"{1D2B3993-280A-4669-B0D4-B3BCDEE02E53}","idColumn":"APM ID","id":"@toUpper(items('Apply_to_each_7')?['APM ID'])"},"authentication":"@parameters('$authentication')"}}},"runAfter":{},"else":{"actions":{"Compose_2":{"runAfter":{"Delete_a_row_2":["Succeeded","Failed"]},"metadata":{"operationMetadataId":"5915133a-f4ad-4145-9444-ec4a6b3e8055"},"type":"Compose","inputs":1},"Delete_a_row_2":{"runAfter":{"Update_a_row_3":["Succeeded","Failed"]},"metadata":{"012EFUUM77TWHW2JHD5RH3PAPHDPLZWRKS":"/Documents/Queue Handling in Service Now/Book1.xlsx","operationMetadataId":"4b241335-cd72-4adf-b19d-a24f558a1084","tableId":"{AB94A16F-3713-48E8-B1B6-4413C0C7BCF7}","01CIZFCRAHO3S3E3WXXFDINQC3FTBDKFNI":"/General/Queue Handling_Service Desk/Ticket_Assignment Queue.xlsx","01CIZFCRHC2X2QA4ZHMFEZ562MMG7QV3JG":"/General/BEP INT_Queue Handling/eBIS L1 Queue/Ticket_Assignment Queue.xlsx"},"type":"OpenApiConnection","inputs":{"host":{"apiId":"/providers/Microsoft.PowerApps/apis/shared_excelonlinebusiness","connectionName":"shared_excelonlinebusiness_1","operationId":"DeleteItem"},"parameters":{"source":"groups/7b519f4d-bbc1-439c-839a-ecca8e8b9cca","drive":"b!JQImw_Ysyk6GPfeO7xHQb3MJzR-wtoBCq4hb212GejpEj7fC_qZXQ4vWCdACy8xp","file":"01CIZFCRHC2X2QA4ZHMFEZ562MMG7QV3JG","table":"{AB94A16F-3713-48E8-B1B6-4413C0C7BCF7}","idColumn":"APM ID","id":"@items('Apply_to_each_7')?['APM ID']"},"authentication":"@parameters('$authentication')"}},"Update_a_row_3":{"runAfter":{},"metadata":{"012EFUUM7JSFXJS4IYPRG3H7XS7HXHP3PU":"/Documents/Queue Handling in Service Now/Login Time.xlsx","operationMetadataId":"18b33627-9cce-4da9-90f9-010e2a6b454c","tableId":"{BC0A0C7B-211B-4A74-8FB8-6FA5D81F2167}","01CIZFCRDH7QAILLHT7JBLUQOAVYH3M73I":"/General/Queue Handling_Service Desk/Login Time.xlsx","01CIZFCRGKM3EEXOJYT5D2EWIFPVZK5DFB":"/General/BEP INT_Queue Handling/eBIS L1 Queue/Login Time.xlsx"},"type":"OpenApiConnection","inputs":{"host":{"apiId":"/providers/Microsoft.PowerApps/apis/shared_excelonlinebusiness","connectionName":"shared_excelonlinebusiness","operationId":"PatchItem"},"parameters":{"source":"groups/7b519f4d-bbc1-439c-839a-ecca8e8b9cca","drive":"b!JQImw_Ysyk6GPfeO7xHQb3MJzR-wtoBCq4hb212GejpEj7fC_qZXQ4vWCdACy8xp","file":"01CIZFCRGKM3EEXOJYT5D2EWIFPVZK5DFB","table":"{BC0A0C7B-211B-4A74-8FB8-6FA5D81F2167}","idColumn":"APMID","id":"@items('Apply_to_each_7')?['APM ID']","item/Temp_key":" ","item/LogOut":"@convertFromUtc(utcNow(), 'Singapore Standard Time', 'dd-MM-yyyy hh:mm')"},"authentication":"@parameters('$authentication')"}}}},"expression":{"and":[{"equals":["@items('Apply_to_each_7')?['Login']","LogIn"]},{"not":{"equals":["@items('Apply_to_each_7')?['Logout']","LogOut"]}}]},"metadata":{"operationMetadataId":"6064f1c3-b078-4b11-86a9-0f961d441fbd"},"type":"If"}}},"expression":{"contains":["@body('Select')","@items('Apply_to_each_7')?['APM ID']"]},"metadata":{"operationMetadataId":"b8e9d543-ca2c-4cee-b068-679d5c2914e7"},"type":"If"}},"runAfter":{"Select":["Succeeded"]},"metadata":{"operationMetadataId":"ebbba0b8-0ddf-4576-a652-9eefb8590976"},"type":"Foreach"},"List_rows_present_in_LogIn_LogOut_Time_sheet":{"runAfter":{"Test_ticket_count":["Succeeded"]},"metadata":{"012EFUUM7JSFXJS4IYPRG3H7XS7HXHP3PU":"/Documents/Queue Handling in Service Now/Login Time.xlsx","operationMetadataId":"3b21202e-a75f-4d05-8a08-8347e868d947","tableId":"{BC0A0C7B-211B-4A74-8FB8-6FA5D81F2167}","01CIZFCRDH7QAILLHT7JBLUQOAVYH3M73I":"/General/Queue Handling_Service Desk/Login Time.xlsx","01CIZFCRGKM3EEXOJYT5D2EWIFPVZK5DFB":"/General/BEP INT_Queue Handling/eBIS L1 Queue/Login Time.xlsx"},"type":"OpenApiConnection","inputs":{"host":{"apiId":"/providers/Microsoft.PowerApps/apis/shared_excelonlinebusiness","connectionName":"shared_excelonlinebusiness","operationId":"GetItems"},"parameters":{"source":"groups/7b519f4d-bbc1-439c-839a-ecca8e8b9cca","drive":"b!JQImw_Ysyk6GPfeO7xHQb3MJzR-wtoBCq4hb212GejpEj7fC_qZXQ4vWCdACy8xp","file":"01CIZFCRGKM3EEXOJYT5D2EWIFPVZK5DFB","table":"{BC0A0C7B-211B-4A74-8FB8-6FA5D81F2167}"},"authentication":"@parameters('$authentication')"}},"List_Records__Requests":{"runAfter":{"Apply_to_each_3":["Succeeded","Failed"]},"metadata":{"operationMetadataId":"0eb35ea9-948f-4cc5-bad9-afd5e36478c7"},"type":"OpenApiConnection","inputs":{"host":{"apiId":"/providers/Microsoft.PowerApps/apis/shared_service-now","connectionName":"shared_service-now_1","operationId":"GetRecords"},"parameters":{"tableType":"sc_req_item","sysparm_display_value":true,"sysparm_exclude_reference_link":true,"sysparm_query":"assignment_group=bf2233304f5bc240ecac79a18110c737^active=true^state=1^assigned_toISEMPTY","sysparm_limit":10},"authentication":"@parameters('$authentication')"}},"Apply_to_each_4":{"foreach":"@outputs('List_Records__Requests')?['body/result']","actions":{"Apply_to_each_5":{"foreach":"@outputs('List_rows_present_in_a_table_2')?['body/value']","actions":{"Update_Record":{"runAfter":{},"metadata":{"operationMetadataId":"0d0a5d89-a16b-4c14-aad3-ef3d0943db54"},"type":"OpenApiConnection","inputs":{"host":{"apiId":"/providers/Microsoft.PowerApps/apis/shared_service-now","connectionName":"shared_service-now_1","operationId":"UpdateRecord"},"parameters":{"tableType":"sc_req_item","sysid":"@items('Apply_to_each_4')?['sys_id']","sysparm_display_value":false,"sysparm_exclude_reference_link":true,"body/assigned_to":"@items('Apply_to_each_5')?['Name']"},"authentication":"@parameters('$authentication')"}},"Add_assigned_ticket_data_in_sheet_2":{"runAfter":{"Update_Record":["Succeeded"]},"metadata":{"012EFUUM77TWHW2JHD5RH3PAPHDPLZWRKS":"/Documents/Queue Handling in Service Now/Book1.xlsx","operationMetadataId":"396e58dd-44f9-4f75-9718-58f81c06cc94","tableId":"{2930CAD5-1AD4-4B83-A756-C6C2A09BCC56}","012EFUUM7DSMPN4NDLJ5ELY43ABAOO6HEM":"/Documents/Queue Handling in Service Now/Automate Queue Handling Data.xlsx","012EFUUMZ5NPQHTTPXERCZ3ZGDEKK45HA5":"/Documents/Queue Handling in Service Now/Book1 - Copy.xlsx","01CIZFCRBOZ6ZKNV6HUFBJUV3QL6IR4SY3":"/General/BEP INT_Queue Handling/eBIS L1 Queue/Automate Queue Handling Data.xlsx"},"type":"OpenApiConnection","inputs":{"host":{"apiId":"/providers/Microsoft.PowerApps/apis/shared_excelonlinebusiness","connectionName":"shared_excelonlinebusiness","operationId":"AddRowV2"},"parameters":{"source":"groups/e9e57376-208e-49cd-ada4-7d8f9a795b63","drive":"b!cC5zM7SnG0yW06f2TU8j13UTzg2FzrFAk1flB7GIvt81ySZ7or9ASqZgBFnrwNfk","file":"/General/Others/eBIS_Queue Handling/Automate Queue Handling Data.xlsx","table":"{2930CAD5-1AD4-4B83-A756-C6C2A09BCC56}","item/TicketID":"@items('Apply_to_each_4')?['number']","item/Assigned to":"@items('Apply_to_each_5')?['Name']","item/APMID":"@items('Apply_to_each_5')?['APM ID']","item/Mail ID":"@items('Apply_to_each_5')?['Mail ID']","item/Flow run date":"@convertFromUtc(utcNow(), 'Singapore Standard Time', 'dd-MM-yyyy hh:mm')"},"authentication":"@parameters('$authentication')"}},"Post_message_in_a_chat_or_channel_2":{"runAfter":{"Add_assigned_ticket_data_in_sheet_2":["Succeeded"]},"metadata":{"operationMetadataId":"5257e3e2-db16-4c99-859f-3e4ee86469f1"},"type":"OpenApiConnection","inputs":{"host":{"apiId":"/providers/Microsoft.PowerApps/apis/shared_teams","connectionName":"shared_teams_2","operationId":"PostMessageToConversation"},"parameters":{"poster":"Flow bot","location":"Chat with Flow bot","body/recipient":"@{items('Apply_to_each_5')?['Mail ID']};","body/messageBody":"<p>Hello @{items('Apply_to_each_5')?['Name']},<br>\n\"@{items('Apply_to_each_4')?['number']} has been assigned to you, Please action.\"</p>"},"authentication":"@parameters('$authentication')"}}},"runAfter":{"List_rows_present_in_a_table_2":["Succeeded"]},"metadata":{"operationMetadataId":"d7cbe91a-9131-429d-b0d7-8af08d8a175b"},"type":"Foreach"},"List_rows_present_in_a_table_2":{"runAfter":{},"metadata":{"012EFUUM77TWHW2JHD5RH3PAPHDPLZWRKS":"/Documents/Queue Handling in Service Now/Book1.xlsx","operationMetadataId":"6bb5749d-1963-4b94-a38b-d1abd7b7b2b3","tableId":"{AB94A16F-3713-48E8-B1B6-4413C0C7BCF7}","012EFUUMZ5NPQHTTPXERCZ3ZGDEKK45HA5":"/Documents/Queue Handling in Service Now/Book1 - Copy.xlsx","01CIZFCRAHO3S3E3WXXFDINQC3FTBDKFNI":"/General/Queue Handling_Service Desk/Ticket_Assignment Queue.xlsx","01CIZFCRHC2X2QA4ZHMFEZ562MMG7QV3JG":"/General/BEP-INT_Queue Handling/Ticket_Assignment Queue.xlsx"},"type":"OpenApiConnection","inputs":{"host":{"apiId":"/providers/Microsoft.PowerApps/apis/shared_excelonlinebusiness","connectionName":"shared_excelonlinebusiness","operationId":"GetItems"},"parameters":{"source":"groups/7b519f4d-bbc1-439c-839a-ecca8e8b9cca","drive":"b!JQImw_Ysyk6GPfeO7xHQb3MJzR-wtoBCq4hb212GejpEj7fC_qZXQ4vWCdACy8xp","file":"/General/BEP INT_Queue Handling/eBIS L1 Queue/Ticket_Assignment Queue.xlsx","table":"{AB94A16F-3713-48E8-B1B6-4413C0C7BCF7}","$top":1},"authentication":"@parameters('$authentication')"}},"Apply_to_each_8":{"foreach":"@outputs('List_rows_present_in_a_table_2')?['body/value']","actions":{"Delete_a_row_5":{"runAfter":{},"metadata":{"operationMetadataId":"0024792f-226f-4a1d-ae11-6d01d3e54f5b","tableId":"{AB94A16F-3713-48E8-B1B6-4413C0C7BCF7}","012EFUUMZ5NPQHTTPXERCZ3ZGDEKK45HA5":"/Documents/Queue Handling in Service Now/Book1 - Copy.xlsx","01CIZFCRAHO3S3E3WXXFDINQC3FTBDKFNI":"/General/Queue Handling_Service Desk/Ticket_Assignment Queue.xlsx","01CIZFCRHC2X2QA4ZHMFEZ562MMG7QV3JG":"/General/BEP-INT_Queue Handling/Ticket_Assignment Queue.xlsx"},"type":"OpenApiConnection","inputs":{"host":{"apiId":"/providers/Microsoft.PowerApps/apis/shared_excelonlinebusiness","connectionName":"shared_excelonlinebusiness","operationId":"DeleteItem"},"parameters":{"source":"groups/7b519f4d-bbc1-439c-839a-ecca8e8b9cca","drive":"b!JQImw_Ysyk6GPfeO7xHQb3MJzR-wtoBCq4hb212GejpEj7fC_qZXQ4vWCdACy8xp","file":"/General/BEP INT_Queue Handling/eBIS L1 Queue/Ticket_Assignment Queue.xlsx","table":"{AB94A16F-3713-48E8-B1B6-4413C0C7BCF7}","idColumn":"APM ID","id":"@items('Apply_to_each_8')?['APM ID']"},"authentication":"@parameters('$authentication')"}},"Add_a_row_into_a_table_3":{"runAfter":{"Delay_2":["Succeeded"]},"metadata":{"operationMetadataId":"ee18b4df-e363-4f0e-9733-0fbc875f4656","tableId":"{AB94A16F-3713-48E8-B1B6-4413C0C7BCF7}","012EFUUMZ5NPQHTTPXERCZ3ZGDEKK45HA5":"/Documents/Queue Handling in Service Now/Book1 - Copy.xlsx","01CIZFCRHC2X2QA4ZHMFEZ562MMG7QV3JG":"/General/BEP-INT_Queue Handling/Ticket_Assignment Queue.xlsx"},"type":"OpenApiConnection","inputs":{"host":{"apiId":"/providers/Microsoft.PowerApps/apis/shared_excelonlinebusiness","connectionName":"shared_excelonlinebusiness","operationId":"AddRowV2"},"parameters":{"source":"groups/7b519f4d-bbc1-439c-839a-ecca8e8b9cca","drive":"b!JQImw_Ysyk6GPfeO7xHQb3MJzR-wtoBCq4hb212GejpEj7fC_qZXQ4vWCdACy8xp","file":"/General/BEP INT_Queue Handling/eBIS L1 Queue/Ticket_Assignment Queue.xlsx","table":"{AB94A16F-3713-48E8-B1B6-4413C0C7BCF7}","item/Name":"@items('Apply_to_each_8')?['Name']","item/APM ID":"@items('Apply_to_each_8')?['APM ID']","item/Mail ID":"@items('Apply_to_each_8')?['Mail ID']"},"authentication":"@parameters('$authentication')"}},"Delay_2":{"runAfter":{"Delete_a_row_5":["Succeeded"]},"metadata":{"operationMetadataId":"cd60029a-0c8d-40f7-bc78-c98e41b18108"},"type":"Wait","inputs":{"interval":{"count":5,"unit":"Second"}}}},"runAfter":{"Apply_to_each_5":["Succeeded"]},"metadata":{"operationMetadataId":"2cc12550-653d-4be7-9e91-7b6cec19bb2d"},"type":"Foreach"},"Delay_3":{"runAfter":{"Apply_to_each_8":["Succeeded"]},"metadata":{"operationMetadataId":"cd60029a-0c8d-40f7-bc78-c98e41b18108"},"type":"Wait","inputs":{"interval":{"count":5,"unit":"Second"}}}},"runAfter":{"List_Records__Requests":["Succeeded","Failed"]},"metadata":{"operationMetadataId":"96ae3c3c-ddd8-421c-8a97-42bb43afb2cb"},"type":"Foreach"},"List_Records_Incidents":{"runAfter":{"List_rows_in_Assigned_Data_Sheet":["Succeeded"]},"metadata":{"operationMetadataId":"80f94b7f-e1b7-4be3-a1dd-df2255d3e9d7"},"type":"OpenApiConnection","inputs":{"host":{"apiId":"/providers/Microsoft.PowerApps/apis/shared_service-now","connectionName":"shared_service-now_1","operationId":"GetRecords"},"parameters":{"tableType":"incident","sysparm_display_value":true,"sysparm_exclude_reference_link":true,"sysparm_query":"assignment_group=bf2233304f5bc240ecac79a18110c737^active=true^state=1^assigned_toISEMPTY","sysparm_limit":5},"authentication":"@parameters('$authentication')"}},"Apply_to_each_3":{"foreach":"@outputs('List_Records_Incidents')?['body/result']","actions":{"List_rows_present_in_a_table":{"runAfter":{},"metadata":{"012EFUUM77TWHW2JHD5RH3PAPHDPLZWRKS":"/Documents/Queue Handling in Service Now/Book1.xlsx","operationMetadataId":"6bb5749d-1963-4b94-a38b-d1abd7b7b2b3","tableId":"{AB94A16F-3713-48E8-B1B6-4413C0C7BCF7}","012EFUUMZ5NPQHTTPXERCZ3ZGDEKK45HA5":"/Documents/Queue Handling in Service Now/Book1 - Copy.xlsx","01CIZFCRAHO3S3E3WXXFDINQC3FTBDKFNI":"/General/Queue Handling_Service Desk/Ticket_Assignment Queue.xlsx","01CIZFCRHC2X2QA4ZHMFEZ562MMG7QV3JG":"/General/BEP INT_Queue Handling/eBIS L1 Queue/Ticket_Assignment Queue.xlsx"},"type":"OpenApiConnection","inputs":{"host":{"apiId":"/providers/Microsoft.PowerApps/apis/shared_excelonlinebusiness","connectionName":"shared_excelonlinebusiness_1","operationId":"GetItems"},"parameters":{"source":"groups/7b519f4d-bbc1-439c-839a-ecca8e8b9cca","drive":"b!JQImw_Ysyk6GPfeO7xHQb3MJzR-wtoBCq4hb212GejpEj7fC_qZXQ4vWCdACy8xp","file":"01CIZFCRHC2X2QA4ZHMFEZ562MMG7QV3JG","table":"{AB94A16F-3713-48E8-B1B6-4413C0C7BCF7}","$top":1},"authentication":"@parameters('$authentication')"}},"Condition_2":{"actions":{"Select_3":{"runAfter":{},"metadata":{"operationMetadataId":"8377aed0-c74a-47d9-9fad-5803e8c48467"},"type":"Select","inputs":{"from":"@outputs('List_Records_Incidents')?['body/result']","select":"@items('Apply_to_each_3')?['u_owner_user']"}},"Name_of_Owner":{"runAfter":{"Select_3":["Succeeded"]},"metadata":{"operationMetadataId":"9507a813-f285-4efe-9860-eb8bf9ab919d"},"type":"Compose","inputs":"@intersection(body('Select_2'), body('Select_3'))"},"Join":{"runAfter":{"Name_of_Owner":["Succeeded"]},"metadata":{"operationMetadataId":"00765013-331f-4832-b28b-47aa745a68c7"},"type":"Join","inputs":{"from":"@outputs('Name_of_Owner')","joinWith":" "}},"Get_a_row_3":{"runAfter":{"Join":["Succeeded"]},"metadata":{"012EFUUMZ5NPQHTTPXERCZ3ZGDEKK45HA5":"/Documents/Queue Handling in Service Now/Book1 - Copy.xlsx","operationMetadataId":"6d404d47-575e-4647-95a8-2fd783e2bef0","tableId":"{1D2B3993-280A-4669-B0D4-B3BCDEE02E53}","01CIZFCRDEYP7HHGM6ANFYT3UXSDL3H75N":"/General/Queue Handling_Service Desk/Member Details.xlsx","01CIZFCRBH2ADMAP6EVZCJ4J4H45JZE42P":"/General/BEP INT_Queue Handling/eBIS L1 Queue/Member Details.xlsx","01CIZFCRH5ZZXWMA2XBJAIYIFKON4CCHTZ":"/General/BEP INT_Queue Handling/EDI L1 Queue/Member Details.xlsx"},"type":"OpenApiConnection","inputs":{"host":{"apiId":"/providers/Microsoft.PowerApps/apis/shared_excelonlinebusiness","connectionName":"shared_excelonlinebusiness","operationId":"GetItem"},"parameters":{"source":"groups/7b519f4d-bbc1-439c-839a-ecca8e8b9cca","drive":"b!JQImw_Ysyk6GPfeO7xHQb3MJzR-wtoBCq4hb212GejpEj7fC_qZXQ4vWCdACy8xp","file":"01CIZFCRBH2ADMAP6EVZCJ4J4H45JZE42P","table":"{1D2B3993-280A-4669-B0D4-B3BCDEE02E53}","idColumn":"Name ","id":"@trim(body('Join'))"},"authentication":"@parameters('$authentication')"}},"Apply_to_each":{"foreach":"@outputs('List_rows_present_in_a_table')?['body/value']","actions":{"Update_Record_2":{"runAfter":{},"metadata":{"operationMetadataId":"9088d432-deff-4005-bddd-76a8be2cf9c7"},"type":"OpenApiConnection","inputs":{"host":{"apiId":"/providers/Microsoft.PowerApps/apis/shared_service-now","connectionName":"shared_service-now_1","operationId":"UpdateRecord"},"parameters":{"tableType":"incident","sysid":"@items('Apply_to_each_3')?['sys_id']","sysparm_display_value":false,"sysparm_exclude_reference_link":true,"body/assigned_to":"@trim(body('Join'))"},"authentication":"@parameters('$authentication')"}},"Add_assigned_ticket_data_in_sheet":{"runAfter":{"Update_Record_2":["Succeeded"]},"metadata":{"012EFUUM77TWHW2JHD5RH3PAPHDPLZWRKS":"/Documents/Queue Handling in Service Now/Book1.xlsx","operationMetadataId":"396e58dd-44f9-4f75-9718-58f81c06cc94","tableId":"{2930CAD5-1AD4-4B83-A756-C6C2A09BCC56}","012EFUUM7DSMPN4NDLJ5ELY43ABAOO6HEM":"/Documents/Queue Handling in Service Now/Automate Queue Handling Data.xlsx","012EFUUMZ5NPQHTTPXERCZ3ZGDEKK45HA5":"/Documents/Queue Handling in Service Now/Book1 - Copy.xlsx","01CIZFCRBOZ6ZKNV6HUFBJUV3QL6IR4SY3":"/General/BEP INT_Queue Handling/eBIS L1 Queue/Automate Queue Handling Data.xlsx"},"type":"OpenApiConnection","inputs":{"host":{"apiId":"/providers/Microsoft.PowerApps/apis/shared_excelonlinebusiness","connectionName":"shared_excelonlinebusiness","operationId":"AddRowV2"},"parameters":{"source":"groups/e9e57376-208e-49cd-ada4-7d8f9a795b63","drive":"b!cC5zM7SnG0yW06f2TU8j13UTzg2FzrFAk1flB7GIvt81ySZ7or9ASqZgBFnrwNfk","file":"/General/Others/eBIS_Queue Handling/Automate Queue Handling Data.xlsx","table":"{2930CAD5-1AD4-4B83-A756-C6C2A09BCC56}","item/TicketID":"@items('Apply_to_each_3')?['number']","item/Assigned to":"@trim(body('Join'))","item/APMID":"@outputs('Get_a_row_3')?['body/APM ID']","item/Mail ID":"@outputs('Get_a_row_3')?['body/Email Address']","item/Flow run date":"@convertFromUtc(utcNow(), 'Singapore Standard Time', 'dd-MM-yyyy hh:mm')"},"authentication":"@parameters('$authentication')"}},"Post_message_in_a_chat_or_channel":{"runAfter":{"Add_assigned_ticket_data_in_sheet":["Succeeded"]},"metadata":{"operationMetadataId":"5257e3e2-db16-4c99-859f-3e4ee86469f1"},"type":"OpenApiConnection","inputs":{"host":{"apiId":"/providers/Microsoft.PowerApps/apis/shared_teams","connectionName":"shared_teams_2","operationId":"PostMessageToConversation"},"parameters":{"poster":"Flow bot","location":"Chat with Flow bot","body/recipient":"@{outputs('Get_a_row_3')?['body/Email Address']};","body/messageBody":"<p>Hello @{outputs('Get_a_row_3')?['body/Name ']},<br>\n\"@{items('Apply_to_each_3')?['number']} has been assigned to you, Please action.\"</p>"},"authentication":"@parameters('$authentication')"}}},"runAfter":{"Get_a_row_3":["Succeeded"]},"metadata":{"operationMetadataId":"d7cbe91a-9131-429d-b0d7-8af08d8a175b"},"type":"Foreach"}},"runAfter":{"List_rows_present_in_a_table":["Succeeded"]},"else":{"actions":{"Apply_to_each_2":{"foreach":"@outputs('List_rows_present_in_a_table')?['body/value']","actions":{"Update_Record_3":{"runAfter":{},"metadata":{"operationMetadataId":"9088d432-deff-4005-bddd-76a8be2cf9c7"},"type":"OpenApiConnection","inputs":{"host":{"apiId":"/providers/Microsoft.PowerApps/apis/shared_service-now","connectionName":"shared_service-now_1","operationId":"UpdateRecord"},"parameters":{"tableType":"incident","sysid":"@items('Apply_to_each_3')?['sys_id']","sysparm_display_value":false,"sysparm_exclude_reference_link":true,"body/assigned_to":"@items('Apply_to_each_2')?['Name']"},"authentication":"@parameters('$authentication')"}},"Add_assigned_ticket_data_in_sheet_3":{"runAfter":{"Update_Record_3":["Succeeded"]},"metadata":{"012EFUUM77TWHW2JHD5RH3PAPHDPLZWRKS":"/Documents/Queue Handling in Service Now/Book1.xlsx","operationMetadataId":"396e58dd-44f9-4f75-9718-58f81c06cc94","tableId":"{2930CAD5-1AD4-4B83-A756-C6C2A09BCC56}","012EFUUM7DSMPN4NDLJ5ELY43ABAOO6HEM":"/Documents/Queue Handling in Service Now/Automate Queue Handling Data.xlsx","012EFUUMZ5NPQHTTPXERCZ3ZGDEKK45HA5":"/Documents/Queue Handling in Service Now/Book1 - Copy.xlsx","01CIZFCRBOZ6ZKNV6HUFBJUV3QL6IR4SY3":"/General/BEP INT_Queue Handling/eBIS L1 Queue/Automate Queue Handling Data.xlsx"},"type":"OpenApiConnection","inputs":{"host":{"apiId":"/providers/Microsoft.PowerApps/apis/shared_excelonlinebusiness","connectionName":"shared_excelonlinebusiness","operationId":"AddRowV2"},"parameters":{"source":"groups/e9e57376-208e-49cd-ada4-7d8f9a795b63","drive":"b!cC5zM7SnG0yW06f2TU8j13UTzg2FzrFAk1flB7GIvt81ySZ7or9ASqZgBFnrwNfk","file":"/General/Others/eBIS_Queue Handling/Automate Queue Handling Data.xlsx","table":"{2930CAD5-1AD4-4B83-A756-C6C2A09BCC56}","item/TicketID":"@items('Apply_to_each_3')?['number']","item/Assigned to":"@items('Apply_to_each_2')?['Name']","item/APMID":"@items('Apply_to_each_2')?['APM ID']","item/Mail ID":"@items('Apply_to_each_2')?['Mail ID']","item/Flow run date":"@convertFromUtc(utcNow(), 'Singapore Standard Time', 'dd-MM-yyyy hh:mm')"},"authentication":"@parameters('$authentication')"}},"Post_message_in_a_chat_or_channel_3":{"runAfter":{"Add_assigned_ticket_data_in_sheet_3":["Succeeded"]},"metadata":{"operationMetadataId":"5257e3e2-db16-4c99-859f-3e4ee86469f1"},"type":"OpenApiConnection","inputs":{"host":{"apiId":"/providers/Microsoft.PowerApps/apis/shared_teams","connectionName":"shared_teams_2","operationId":"PostMessageToConversation"},"parameters":{"poster":"Flow bot","location":"Chat with Flow bot","body/recipient":"@{items('Apply_to_each_2')?['Mail ID']};","body/messageBody":"<p>Hello @{items('Apply_to_each_2')?['Name']},<br>\n\"@{items('Apply_to_each_3')?['number']} has been assigned to you, Please action.\"</p>"},"authentication":"@parameters('$authentication')"}}},"runAfter":{},"metadata":{"operationMetadataId":"d7cbe91a-9131-429d-b0d7-8af08d8a175b"},"type":"Foreach"},"Apply_to_each_9":{"foreach":"@outputs('List_rows_present_in_a_table')?['body/value']","actions":{"Delay_4":{"runAfter":{"Delete_a_row":["Succeeded"]},"metadata":{"operationMetadataId":"cd60029a-0c8d-40f7-bc78-c98e41b18108"},"type":"Wait","inputs":{"interval":{"count":3,"unit":"Second"}}},"Delay_5":{"runAfter":{"Add_a_row_into_a_table":["Succeeded"]},"metadata":{"operationMetadataId":"cd60029a-0c8d-40f7-bc78-c98e41b18108"},"type":"Wait","inputs":{"interval":{"count":5,"unit":"Second"}}},"Delete_a_row":{"runAfter":{},"metadata":{"01CIZFCRHC2X2QA4ZHMFEZ562MMG7QV3JG":"/General/BEP INT_Queue Handling/eBIS L1 Queue/Ticket_Assignment Queue.xlsx","operationMetadataId":"faf391e4-616d-4630-8048-2a0ff5a4b146","tableId":"{AB94A16F-3713-48E8-B1B6-4413C0C7BCF7}"},"type":"OpenApiConnection","inputs":{"host":{"apiId":"/providers/Microsoft.PowerApps/apis/shared_excelonlinebusiness","connectionName":"shared_excelonlinebusiness","operationId":"DeleteItem"},"parameters":{"source":"groups/7b519f4d-bbc1-439c-839a-ecca8e8b9cca","drive":"b!JQImw_Ysyk6GPfeO7xHQb3MJzR-wtoBCq4hb212GejpEj7fC_qZXQ4vWCdACy8xp","file":"01CIZFCRHC2X2QA4ZHMFEZ562MMG7QV3JG","table":"{AB94A16F-3713-48E8-B1B6-4413C0C7BCF7}","idColumn":"APM ID","id":"@items('Apply_to_each_9')?['APM ID']"},"authentication":"@parameters('$authentication')"}},"Add_a_row_into_a_table":{"runAfter":{"Delay_4":["Succeeded"]},"metadata":{"01CIZFCRHC2X2QA4ZHMFEZ562MMG7QV3JG":"/General/BEP INT_Queue Handling/eBIS L1 Queue/Ticket_Assignment Queue.xlsx","operationMetadataId":"ea5a6846-81e6-49ed-a48d-1f1d1b869d2a","tableId":"{AB94A16F-3713-48E8-B1B6-4413C0C7BCF7}"},"type":"OpenApiConnection","inputs":{"host":{"apiId":"/providers/Microsoft.PowerApps/apis/shared_excelonlinebusiness","connectionName":"shared_excelonlinebusiness","operationId":"AddRowV2"},"parameters":{"source":"groups/7b519f4d-bbc1-439c-839a-ecca8e8b9cca","drive":"b!JQImw_Ysyk6GPfeO7xHQb3MJzR-wtoBCq4hb212GejpEj7fC_qZXQ4vWCdACy8xp","file":"01CIZFCRHC2X2QA4ZHMFEZ562MMG7QV3JG","table":"{AB94A16F-3713-48E8-B1B6-4413C0C7BCF7}","item/Name":"@items('Apply_to_each_9')?['Name']","item/APM ID":"@items('Apply_to_each_9')?['APM ID']","item/Mail ID":"@items('Apply_to_each_9')?['Mail ID']"},"authentication":"@parameters('$authentication')"}},"List_rows_present_in_a_table_3":{"runAfter":{"Delay_5":["Succeeded"]},"metadata":{"012EFUUM77TWHW2JHD5RH3PAPHDPLZWRKS":"/Documents/Queue Handling in Service Now/Book1.xlsx","operationMetadataId":"6bb5749d-1963-4b94-a38b-d1abd7b7b2b3","tableId":"{AB94A16F-3713-48E8-B1B6-4413C0C7BCF7}","012EFUUMZ5NPQHTTPXERCZ3ZGDEKK45HA5":"/Documents/Queue Handling in Service Now/Book1 - Copy.xlsx","01CIZFCRAHO3S3E3WXXFDINQC3FTBDKFNI":"/General/Queue Handling_Service Desk/Ticket_Assignment Queue.xlsx","01CIZFCRHC2X2QA4ZHMFEZ562MMG7QV3JG":"/General/BEP INT_Queue Handling/eBIS L1 Queue/Ticket_Assignment Queue.xlsx"},"type":"OpenApiConnection","inputs":{"host":{"apiId":"/providers/Microsoft.PowerApps/apis/shared_excelonlinebusiness","connectionName":"shared_excelonlinebusiness_1","operationId":"GetItems"},"parameters":{"source":"groups/7b519f4d-bbc1-439c-839a-ecca8e8b9cca","drive":"b!JQImw_Ysyk6GPfeO7xHQb3MJzR-wtoBCq4hb212GejpEj7fC_qZXQ4vWCdACy8xp","file":"01CIZFCRHC2X2QA4ZHMFEZ562MMG7QV3JG","table":"{AB94A16F-3713-48E8-B1B6-4413C0C7BCF7}"},"authentication":"@parameters('$authentication')"}}},"runAfter":{"Apply_to_each_2":["Succeeded"]},"metadata":{"operationMetadataId":"758e0969-0f4f-4be1-839b-dfce3d12eaa7"},"type":"Foreach"}}},"expression":{"contains":["@body('Select_2')","@items('Apply_to_each_3')?['u_owner_user']"]},"metadata":{"operationMetadataId":"d3d480b3-d88c-44f2-b70e-4d82a2ce21f3"},"type":"If"},"Delay_6":{"runAfter":{"Condition_2":["Succeeded"]},"metadata":{"operationMetadataId":"cd60029a-0c8d-40f7-bc78-c98e41b18108"},"type":"Wait","inputs":{"interval":{"count":5,"unit":"Second"}}}},"runAfter":{"List_Records_Incidents":["Succeeded"]},"metadata":{"operationMetadataId":"96ae3c3c-ddd8-421c-8a97-42bb43afb2cb"},"type":"Foreach"},"List_rows_present_in_ticket_assignment_count_sheet_2":{"runAfter":{"Apply_to_each_7":["Succeeded","Failed"]},"metadata":{"012EFUUM77TWHW2JHD5RH3PAPHDPLZWRKS":"/Documents/Queue Handling in Service Now/Book1.xlsx","operationMetadataId":"364e8d65-017b-40c7-bc28-08878453d3b0","tableId":"{AB94A16F-3713-48E8-B1B6-4413C0C7BCF7}","01CIZFCRAHO3S3E3WXXFDINQC3FTBDKFNI":"/General/Queue Handling_Service Desk/Ticket_Assignment Queue.xlsx","01CIZFCRHC2X2QA4ZHMFEZ562MMG7QV3JG":"/General/BEP INT_Queue Handling/eBIS L1 Queue/Ticket_Assignment Queue.xlsx","01CIZFCRHIMYOTXDJ5O5CJ4CN3LI7QGVXT":"/General/BEP INT_Queue Handling/EDI L1 Queue/Ticket_Assignment Queue.xlsx"},"type":"OpenApiConnection","inputs":{"host":{"apiId":"/providers/Microsoft.PowerApps/apis/shared_excelonlinebusiness","connectionName":"shared_excelonlinebusiness_2","operationId":"GetItems"},"parameters":{"source":"groups/7b519f4d-bbc1-439c-839a-ecca8e8b9cca","drive":"b!JQImw_Ysyk6GPfeO7xHQb3MJzR-wtoBCq4hb212GejpEj7fC_qZXQ4vWCdACy8xp","file":"01CIZFCRHC2X2QA4ZHMFEZ562MMG7QV3JG","table":"{AB94A16F-3713-48E8-B1B6-4413C0C7BCF7}"},"authentication":"@parameters('$authentication')"}},"Filter_array":{"runAfter":{"List_rows_present_in_ticket_assignment_count_sheet_2":["Succeeded"]},"metadata":{"operationMetadataId":"2b938ce9-646a-4057-ab4b-4e906a86ea23"},"type":"Query","inputs":{"from":"@outputs('List_rows_present_in_ticket_assignment_count_sheet_2')?['body/value']","where":"@not(equals(item()['APM ID'], ''))"}},"Select_2":{"runAfter":{"Filter_array":["Succeeded"]},"metadata":{"operationMetadataId":"7c8cee43-f382-40df-ac5f-5fcb12eef1fb"},"type":"Select","inputs":{"from":"@body('Filter_array')","select":"@item()['Name']"}},"Terminate":{"runAfter":{"Apply_to_each_4":["Succeeded"]},"metadata":{"operationMetadataId":"04a2695c-cf4a-447b-8d08-900d0229c178"},"type":"Terminate","inputs":{"runStatus":"Succeeded"}},"Delay_7":{"runAfter":{"List_rows_present_in_LogIn_LogOut_Time_sheet":["Succeeded"]},"metadata":{"operationMetadataId":"82718f94-ed47-4ede-a4d9-4d63f7ad9c70"},"type":"Wait","inputs":{"interval":{"count":4,"unit":"Second"}}}},"description":""},"connectionReferences":{"shared_excelonlinebusiness":{"connectionName":"shared-excelonlinebu-26a9fe66-8544-4751-9f29-ccd101683ca9","source":"Embedded","id":"/providers/Microsoft.PowerApps/apis/shared_excelonlinebusiness","tier":"NotSpecified"},"shared_excelonlinebusiness_1":{"connectionName":"shared-excelonlinebu-f36c77d7-2fca-4ec1-84b9-c98836e81dd3","source":"Embedded","id":"/providers/Microsoft.PowerApps/apis/shared_excelonlinebusiness","tier":"NotSpecified"},"shared_service-now_1":{"connectionName":"shared-service-now-997dbb9a-cd99-4b91-83ce-8795d5703bf1","source":"Embedded","id":"/providers/Microsoft.PowerApps/apis/shared_service-now","tier":"NotSpecified"},"shared_teams_2":{"connectionName":"shared-teams-3865355a-ebb0-48fe-9574-3723cff5685c","source":"Embedded","id":"/providers/Microsoft.PowerApps/apis/shared_teams","tier":"NotSpecified"},"shared_excelonlinebusiness_2":{"connectionName":"shared-excelonlinebu-4f0278a5-a662-4aca-b4ca-0887f8a9a407","source":"Embedded","id":"/providers/Microsoft.PowerApps/apis/shared_excelonlinebusiness","tier":"NotSpecified"}},"flowFailureAlertSubscribed":false,"isManaged":false}}