{"name":"815a5d0c-51c2-4ed6-9693-16051b9c26b7","id":"/providers/Microsoft.Flow/flows/815a5d0c-51c2-4ed6-9693-16051b9c26b7","type":"Microsoft.Flow/flows","properties":{"apiId":"/providers/Microsoft.PowerApps/apis/shared_logicflows","displayName":"ASCII_Update Assigned TO","definition":{"metadata":{"workflowEntityId":null,"processAdvisorMetadata":null,"flowChargedByPaygo":null,"flowclientsuspensionreason":"None","flowclientsuspensiontime":null,"flowclientsuspensionreasondetails":null,"creator":{"id":"e8104115-8f81-4120-a9e6-8e32c54151d1","type":"User","tenantId":"05d75c05-fa1a-42e7-9cf1-eb416c396f2d"},"provisioningMethod":"FromDefinition","failureAlertSubscription":true,"clientLastModifiedTime":"2024-09-16T14:11:27.3478737Z","connectionKeySavedTimeKey":"2024-09-16T14:11:27.3478737Z"},"$schema":"https://schema.management.azure.com/providers/Microsoft.Logic/schemas/2016-06-01/workflowdefinition.json#","contentVersion":"1.0.0.0","parameters":{"$connections":{"defaultValue":{},"type":"Object"},"$authentication":{"defaultValue":{},"type":"SecureObject"}},"triggers":{"manual":{"metadata":{"operationMetadataId":"36d4bec8-5306-4f0d-af97-e13a8715e83a"},"type":"Request","kind":"Button","inputs":{"schema":{"type":"object","properties":{},"required":[]}}}},"actions":{"List_rows_present_in_a_table":{"runAfter":{},"metadata":{"012EFUUMZJOOYKBHW2M5EKTUHZS7ZKF6CA":"/Documents/ASCII Characters Replacement/ASCII Character Replacement data.xlsx","operationMetadataId":"fafe19b6-c704-4569-96be-ddff90f1d193","tableId":"{59EAB434-4579-4E5A-A0AC-BE752FC46197}"},"type":"OpenApiConnection","inputs":{"host":{"apiId":"/providers/Microsoft.PowerApps/apis/shared_excelonlinebusiness","connectionName":"shared_excelonlinebusiness","operationId":"GetItems"},"parameters":{"source":"me","drive":"b!zJpPG1MWTkitjHF3FSsfyDyDU35n03hPiKzoDYbuKu9El3fsQfisR7qi3fmPtG4r","file":"012EFUUMZJOOYKBHW2M5EKTUHZS7ZKF6CA","table":"{59EAB434-4579-4E5A-A0AC-BE752FC46197}"},"authentication":{"value":"@json(decodeBase64(triggerOutputs().headers['X-MS-APIM-Tokens']))['$ConnectionKey']","type":"Raw"}}},"Apply_to_each":{"foreach":"@outputs('List_rows_present_in_a_table')?['body/value']","actions":{"Condition":{"actions":{},"runAfter":{},"else":{"actions":{"List_Records":{"runAfter":{},"metadata":{"operationMetadataId":"d4025423-335d-4336-85be-2b816ed61675"},"type":"OpenApiConnection","inputs":{"host":{"apiId":"/providers/Microsoft.PowerApps/apis/shared_service-now","connectionName":"shared_service-now_1","operationId":"GetRecords"},"parameters":{"tableType":"incident","sysparm_display_value":false,"sysparm_exclude_reference_link":true,"sysparm_query":"number=@{items('Apply_to_each')?['Incident']}^state=1"},"authentication":{"value":"@json(decodeBase64(triggerOutputs().headers['X-MS-APIM-Tokens']))['$ConnectionKey']","type":"Raw"}}},"Apply_to_each_2":{"foreach":"@outputs('List_Records')?['body/result']","actions":{"Update_Record":{"runAfter":{},"metadata":{"operationMetadataId":"ee016551-25f4-445a-a25b-1f9805b03ab1"},"type":"OpenApiConnection","inputs":{"host":{"apiId":"/providers/Microsoft.PowerApps/apis/shared_service-now","connectionName":"shared_service-now_1","operationId":"UpdateRecord"},"parameters":{"tableType":"incident","sysid":"@items('Apply_to_each_2')?['sys_id']","sysparm_display_value":false,"sysparm_exclude_reference_link":true,"body/state":"On Hold","body/work_notes_list":"Waiting for OT Team response.","body/assigned_to":"Yogendra Dhote"},"authentication":{"value":"@json(decodeBase64(triggerOutputs().headers['X-MS-APIM-Tokens']))['$ConnectionKey']","type":"Raw"}}},"Update_a_row":{"runAfter":{"Update_Record":["Succeeded"]},"metadata":{"012EFUUMZJOOYKBHW2M5EKTUHZS7ZKF6CA":"/Documents/ASCII Characters Replacement/ASCII Character Replacement data.xlsx","operationMetadataId":"cd58d0fb-0c43-4a98-aea9-a5533e35fa7e","tableId":"{59EAB434-4579-4E5A-A0AC-BE752FC46197}"},"type":"OpenApiConnection","inputs":{"host":{"apiId":"/providers/Microsoft.PowerApps/apis/shared_excelonlinebusiness","connectionName":"shared_excelonlinebusiness","operationId":"PatchItem"},"parameters":{"source":"me","drive":"b!zJpPG1MWTkitjHF3FSsfyDyDU35n03hPiKzoDYbuKu9El3fsQfisR7qi3fmPtG4r","file":"012EFUUMZJOOYKBHW2M5EKTUHZS7ZKF6CA","table":"{59EAB434-4579-4E5A-A0AC-BE752FC46197}","idColumn":"SR No","id":"@items('Apply_to_each')?['SR No']","item/Email Sent":"Email Sent","item/State":"On Hold","item/Bot Action":"YES"},"authentication":{"value":"@json(decodeBase64(triggerOutputs().headers['X-MS-APIM-Tokens']))['$ConnectionKey']","type":"Raw"}}}},"runAfter":{"List_Records":["Succeeded"]},"metadata":{"operationMetadataId":"8311306b-3da8-4660-90e0-60a9a6498fc4"},"type":"Foreach"}}},"expression":{"contains":["@items('Apply_to_each')?['Email Sent']","Email Sent"]},"metadata":{"operationMetadataId":"938eb239-ac9b-477f-b308-016b279b0b56"},"type":"If"}},"runAfter":{"List_rows_present_in_a_table":["Succeeded"]},"metadata":{"operationMetadataId":"393b22e0-0401-466b-b0bc-00331f5d68e9"},"type":"Foreach"}}},"connectionReferences":{"shared_excelonlinebusiness":{"connectionName":"shared-excelonlinebu-26a9fe66-8544-4751-9f29-ccd101683ca9","source":"Invoker","id":"/providers/Microsoft.PowerApps/apis/shared_excelonlinebusiness","tier":"NotSpecified"},"shared_service-now_1":{"connectionName":"shared-service-now-997dbb9a-cd99-4b91-83ce-8795d5703bf1","source":"Invoker","id":"/providers/Microsoft.PowerApps/apis/shared_service-now","tier":"NotSpecified"}},"flowFailureAlertSubscribed":false,"isManaged":false}}