{"name":"f6625c29-dc8a-45a3-bde6-5c9361fd61d1","id":"/providers/Microsoft.Flow/flows/f6625c29-dc8a-45a3-bde6-5c9361fd61d1","type":"Microsoft.Flow/flows","properties":{"apiId":"/providers/Microsoft.PowerApps/apis/shared_logicflows","displayName":"Copy of - Seeburger Bicmapping Test","definition":{"metadata":{"workflowEntityId":null,"processAdvisorMetadata":null,"flowChargedByPaygo":null,"flowclientsuspensionreason":"None","flowclientsuspensiontime":null,"flowclientsuspensionreasondetails":null,"creator":{"id":"6229caa9-7645-4859-a155-d23671951d42","type":"User","tenantId":"05d75c05-fa1a-42e7-9cf1-eb416c396f2d"},"provisioningMethod":"FromDefinition","failureAlertSubscription":true,"clientLastModifiedTime":"2024-08-27T11:42:46.3531389Z","connectionKeySavedTimeKey":"2024-08-27T11:42:46.3531389Z"},"$schema":"https://schema.management.azure.com/providers/Microsoft.Logic/schemas/2016-06-01/workflowdefinition.json#","contentVersion":"1.0.0.0","parameters":{"$connections":{"defaultValue":{},"type":"Object"},"$authentication":{"defaultValue":{},"type":"SecureObject"}},"triggers":{"Recurrence":{"recurrence":{"frequency":"Day","interval":1,"timeZone":"India Standard Time","schedule":{"hours":["8","12","16"],"minutes":[5]}},"metadata":{"operationMetadataId":"760f7432-260c-4ed7-b518-6826dc3c2f12"},"type":"Recurrence"}},"actions":{"Enter":{"runAfter":{"Compose_13":["Succeeded"]},"metadata":{"operationMetadataId":"ebfc0372-ff63-4124-8268-ac74f14cae5e"},"type":"InitializeVariable","inputs":{"variables":[{"name":"Enter","type":"string","value":"\n\n"}]}},"List_Records":{"runAfter":{},"metadata":{"operationMetadataId":"fd3cefca-9675-4059-a21d-a0f047e78d7a"},"type":"OpenApiConnection","inputs":{"host":{"apiId":"/providers/Microsoft.PowerApps/apis/shared_service-now","connectionName":"shared_service-now","operationId":"GetRecords"},"parameters":{"tableType":"incident","sysparm_display_value":true,"sysparm_exclude_reference_link":true,"sysparm_query":"assignment_group=0c0bf4d51b0e0110358ded38b04bcb30^active=true^state=1^cmdb_ci=0210f7491be7c9d464f9ed32b24bcba7^caller_id=12bc164efb4ec65cb643f197beefdc67"},"authentication":"@parameters('$authentication')"}},"Direction":{"runAfter":{"Initialize_variable_2":["Succeeded"]},"metadata":{"operationMetadataId":"c07f395d-e81f-4225-8427-651fed6b4ceb"},"type":"InitializeVariable","inputs":{"variables":[{"name":"Direction","type":"string"}]}},"For_each_2":{"foreach":"@outputs('List_Records')?['body/result']","actions":{"Comments_and_Work_Notes_2":{"runAfter":{},"metadata":{"operationMetadataId":"584d1d6d-0f3f-4bc7-90be-f1bd81ec8fb2"},"type":"Compose","inputs":"@items('For_each_2')?['work_notes']"},"Split_by_new_line_2":{"runAfter":{"Short_Desc":["Succeeded"]},"metadata":{"operationMetadataId":"2eb44f64-bce3-4212-85dd-ee2a5f928968"},"type":"Compose","inputs":"@split(outputs('Comments_and_Work_Notes_2'), variables('Enter'))"},"Filter_array_2":{"runAfter":{"Split_by_new_line_2":["Succeeded"]},"metadata":{"operationMetadataId":"1367ce89-cebf-469f-b1eb-0cb0b8b3cb75"},"type":"Query","inputs":{"from":"@outputs('Split_by_new_line_2')","where":"@and(contains(item(), 'TrackID'), contains(item(), '(Work notes)'))"}},"Select":{"runAfter":{"Check_Direction":["Succeeded"]},"metadata":{"operationMetadataId":"861a904a-eeae-4ccb-b674-273754423b67"},"type":"Select","inputs":{"from":"@body('Filter_array_2')","select":{"Track ID":"@split(split(item(),'TrackID = ')[1],outputs('Compose'))[0]","Doc Name":"@split(split(item(),'DocumentName = ')[1],outputs('Compose'))[0]","PartnerID":"@split(split(item(),'PartnerID = ')[1],outputs('Compose'))[0]","StartProcessingtime":"@split(split(item(),'StartProcessingtime = ')[1],outputs('Compose'))[0]","EndProcessingtime":"@split(split(item(),'EndProcessingtime = ')[1],outputs('Compose'))[0]","Message Type":"@split(split(item(),'MsgTyp = ')[1],outputs('Compose'))[0]","PartnerTPM":"@split(split(item(),'PartnerTPM = ')[1],outputs('Compose'))[0]","HostTPM":"@split(split(item(),'HostTPM = ')[1],outputs('Compose'))[0]","Error Details":"@concat(split(split(item(),'Errordetails = ')[1],outputs('Compose'))[0],split(split(item(), 'Errordetails = ')[1], split(split(item(), 'Errordetails = ')[1], outputs('Compose'))[0])[1])"}}},"Compose":{"runAfter":{"Filter_array_2":["Succeeded"]},"metadata":{"operationMetadataId":"ddb19a85-6d5f-4612-8662-e5286ccfad0a"},"type":"Compose","inputs":"\n"},"Condition_2":{"actions":{},"runAfter":{"Select":["Succeeded"]},"else":{"actions":{"Ignore":{"runAfter":{},"metadata":{"operationMetadataId":"c58e3bca-2cdf-489b-9751-2d51ec180113"},"type":"Compose","inputs":"  "},"Compose_3":{"runAfter":{"Filter_array":["Succeeded"]},"metadata":{"operationMetadataId":"0d657cf6-24a0-409f-9453-97c019a410b6"},"type":"Compose","inputs":"@union(body('Filter_array'),body('Filter_array'))"},"BicMapping_Data":{"runAfter":{"Ignore":["Succeeded"]},"metadata":{"operationMetadataId":"ed0f8de5-0da3-437f-ac48-d1f73852055a"},"type":"Query","inputs":{"from":"@body('Select')","where":"@or(contains(item()['PartnerTPM'], 'MAERSK - Partner Group'),contains(item()['HostTPM'], '/MAERSK/AMPS'))"}},"Condition_5":{"actions":{},"runAfter":{"Compose_3":["Succeeded"]},"else":{"actions":{"Condition_8":{"actions":{"Apply_to_each_2":{"foreach":"@outputs('Compose_3')","actions":{"Add_a_row_into_a_table_6":{"runAfter":{},"metadata":{"01WASUEWH3AGP6E76AHZDKSNZRIRPGARZQ":"/General/Bicmapping/Bicmapping.xlsx","operationMetadataId":"89a28814-bf6a-4a92-b4c3-0bd135ed751e","tableId":"{E005B51E-1219-44C1-82EF-5D34E8B3151C}"},"type":"OpenApiConnection","inputs":{"host":{"apiId":"/providers/Microsoft.PowerApps/apis/shared_excelonlinebusiness","connectionName":"shared_excelonlinebusiness_1","operationId":"AddRowV2"},"parameters":{"source":"groups/56fdfaf9-3c88-4f81-bd81-619cf5a44d9e","drive":"b!rvlYkZDnrEeE6AMTMhFQ3Gisan59IApKjGWrbIRcUx3MQv9QYniJQY3Go2rc-XXt","file":"01WASUEWH3AGP6E76AHZDKSNZRIRPGARZQ","table":"{E005B51E-1219-44C1-82EF-5D34E8B3151C}","item/ID":"@items('For_each_2')?['number']","item/Track Id":"@item()?['Track ID']","item/Mapping Application":"LNS","item/Message Key":"@items('Apply_to_each_2')['Message Type']","item/Direction":"@variables('Direction')","item/Assignment group":"@items('For_each_2')?['assignment_group']","item/Partner ID":"@item()?['PartnerID']","item/Document Name":"@item()?['Doc Name']","item/Reason of failure":"Error details are missing","item/Flow run date":"@formatDateTime(utcNow(), 'dd-MM-yyyy hh:mm:ss')"},"authentication":"@parameters('$authentication')"}}},"runAfter":{},"metadata":{"operationMetadataId":"ae9ffed5-75f2-4f44-80ec-e47f3c3039a4"},"type":"Foreach"}},"runAfter":{},"else":{"actions":{"Condition":{"actions":{"Apply_to_each_3":{"foreach":"@outputs('Compose_3')","actions":{"Add_a_row_into_a_table_7":{"runAfter":{},"metadata":{"01WASUEWH3AGP6E76AHZDKSNZRIRPGARZQ":"/General/Bicmapping/Bicmapping.xlsx","operationMetadataId":"89a28814-bf6a-4a92-b4c3-0bd135ed751e","tableId":"{E005B51E-1219-44C1-82EF-5D34E8B3151C}"},"type":"OpenApiConnection","inputs":{"host":{"apiId":"/providers/Microsoft.PowerApps/apis/shared_excelonlinebusiness","connectionName":"shared_excelonlinebusiness_1","operationId":"AddRowV2"},"parameters":{"source":"groups/56fdfaf9-3c88-4f81-bd81-619cf5a44d9e","drive":"b!rvlYkZDnrEeE6AMTMhFQ3Gisan59IApKjGWrbIRcUx3MQv9QYniJQY3Go2rc-XXt","file":"01WASUEWH3AGP6E76AHZDKSNZRIRPGARZQ","table":"{E005B51E-1219-44C1-82EF-5D34E8B3151C}","item/ID":"@items('For_each_2')?['number']","item/Track Id":"@items('Apply_to_each_3')?['Track ID']","item/Mapping Application":"LNS","item/Message Key":"@items('Apply_to_each_3')['Message Type']","item/Direction":"@variables('Direction')","item/Assignment group":"@items('For_each_2')?['assignment_group']","item/Partner ID":"@item()?['PartnerID']","item/Document Name":"@items('Apply_to_each_3')?['Doc Name']","item/Reason of failure":"Partner ID not-set","item/Flow run date":"@formatDateTime(utcNow(), 'dd-MM-yyyy hh:mm:ss')"},"authentication":"@parameters('$authentication')"}}},"runAfter":{},"metadata":{"operationMetadataId":"ace3a8a4-5254-46ec-9387-53e2e1aba7fa"},"type":"Foreach"}},"runAfter":{},"else":{"actions":{"Create_HTML_table":{"runAfter":{},"metadata":{"operationMetadataId":"030044b1-c69a-4946-9161-00b1fe4a86f8"},"type":"Table","inputs":{"from":"@outputs('Compose_3')","format":"HTML","columns":[{"header":"Incident","value":"@items('For_each_2')?['number']"},{"header":"MessageType","value":"@item()['Message Type']"},{"header":"DocumentName","value":"@item()['Doc Name']"},{"header":"ProcessingTime","value":"@item()['StartProcessingtime']"},{"header":"TrackID","value":"@item()['Track ID']"}]}},"Compose_2":{"runAfter":{"Create_HTML_table":["Succeeded"]},"metadata":{"operationMetadataId":"8d64c71f-3aa9-48b5-823c-6b0a703ce6df"},"type":"Compose","inputs":"<style>\n\ntable {\n\n  border: 1px solid \"black\";\n\n  background-color: \"white\";\n\n  width: 100%;\n\n  text-align: left;\n\n  border-collapse: collapse;\n\n}\n\ntable td, table th {\n\n  border: 1px solid #000000;\n\n  padding: 3px 2px;\n\n}\n\ntable tbody td {\n\n  font-size: 13px;\n\n}\n\ntable thead {\n\n  background: \"black\";\n\n  border-bottom: 2px solid #000000;\n\n}\n\ntable thead th {\n\n  font-size: 15px;\n\n  font-weight: bold;\n\n  color: black;\n\n  border-left: 2px solid #000000;\n\n}\n\ntable thead th:first-child {\n\n  border-left: none;\n\n}\n\n</style>"},"Compose_8":{"runAfter":{"Compose_2":["Succeeded"]},"metadata":{"operationMetadataId":"d06cae4e-e171-433e-b8ee-63e50ceff55e"},"type":"Compose","inputs":"@trim(outputs('Compose_3')[0]['PartnerID'])"},"List_rows_present_in_a_table_2":{"runAfter":{"Compose_8":["Succeeded"]},"metadata":{"01WASUEWH3AGP6E76AHZDKSNZRIRPGARZQ":"/General/Bicmapping/Bicmapping.xlsx","operationMetadataId":"31dea7cb-da75-410a-8853-02dff7691deb","tableId":"{4EE4CC9F-A91E-4578-A883-6FE9B5B7202C}"},"type":"OpenApiConnection","inputs":{"host":{"apiId":"/providers/Microsoft.PowerApps/apis/shared_excelonlinebusiness","connectionName":"shared_excelonlinebusiness_1","operationId":"GetItems"},"parameters":{"source":"groups/56fdfaf9-3c88-4f81-bd81-619cf5a44d9e","drive":"b!rvlYkZDnrEeE6AMTMhFQ3Gisan59IApKjGWrbIRcUx3MQv9QYniJQY3Go2rc-XXt","file":"01WASUEWH3AGP6E76AHZDKSNZRIRPGARZQ","table":"{4EE4CC9F-A91E-4578-A883-6FE9B5B7202C}","$filter":"contains(PartnerID, '@{outputs('Compose_8')}')","$top":1},"authentication":"@parameters('$authentication')"}},"Apply_to_each_13":{"foreach":"@outputs('List_rows_present_in_a_table_2')?['body/value']","actions":{"Compose_9":{"runAfter":{},"metadata":{"operationMetadataId":"2db809ce-3f1b-49ec-9d6a-98d88bee8b1f"},"type":"Compose","inputs":"@items('Apply_to_each_13')?['Damco Contact List']"},"Compose_11":{"runAfter":{"Compose_9":["Succeeded"]},"metadata":{"operationMetadataId":"482fd35f-2e55-417f-a3f5-f3decd8bfd89"},"type":"Compose","inputs":"@items('Apply_to_each_13')?['Customer Contact List']"},"Condition_6":{"actions":{"Apply_to_each_11":{"foreach":"@outputs('Compose_3')","actions":{"Get_a_row_7":{"runAfter":{},"metadata":{"01WASUEWH3AGP6E76AHZDKSNZRIRPGARZQ":"/General/Bicmapping/Bicmapping.xlsx","operationMetadataId":"f327e85c-f087-4dd3-8144-3c8bd224d2c6","tableId":"{E005B51E-1219-44C1-82EF-5D34E8B3151C}"},"type":"OpenApiConnection","inputs":{"host":{"apiId":"/providers/Microsoft.PowerApps/apis/shared_excelonlinebusiness","connectionName":"shared_excelonlinebusiness_1","operationId":"GetItem"},"parameters":{"source":"groups/56fdfaf9-3c88-4f81-bd81-619cf5a44d9e","drive":"b!rvlYkZDnrEeE6AMTMhFQ3Gisan59IApKjGWrbIRcUx3MQv9QYniJQY3Go2rc-XXt","file":"01WASUEWH3AGP6E76AHZDKSNZRIRPGARZQ","table":"{E005B51E-1219-44C1-82EF-5D34E8B3151C}","idColumn":"Track Id","id":"@items('Apply_to_each_11')?['Track ID']"},"authentication":"@parameters('$authentication')"}},"Add_a_row_into_a_table_11":{"runAfter":{"Get_a_row_7":["Failed"]},"metadata":{"01WASUEWH3AGP6E76AHZDKSNZRIRPGARZQ":"/General/Bicmapping/Bicmapping.xlsx","operationMetadataId":"89a28814-bf6a-4a92-b4c3-0bd135ed751e","tableId":"{E005B51E-1219-44C1-82EF-5D34E8B3151C}"},"type":"OpenApiConnection","inputs":{"host":{"apiId":"/providers/Microsoft.PowerApps/apis/shared_excelonlinebusiness","connectionName":"shared_excelonlinebusiness_2","operationId":"AddRowV2"},"parameters":{"source":"groups/56fdfaf9-3c88-4f81-bd81-619cf5a44d9e","drive":"b!rvlYkZDnrEeE6AMTMhFQ3Gisan59IApKjGWrbIRcUx3MQv9QYniJQY3Go2rc-XXt","file":"01WASUEWH3AGP6E76AHZDKSNZRIRPGARZQ","table":"{E005B51E-1219-44C1-82EF-5D34E8B3151C}","item/ID":"@items('For_each_2')?['number']","item/Track Id":"@items('Apply_to_each_11')?['Track ID']","item/Mapping Application":"LNS","item/Message Key":"@items('Apply_to_each_11')?['Message Type']","item/Direction":"@variables('Direction')","item/Assignment group":"@items('For_each_2')?['assignment_group']","item/Partner ID":"@item()?['PartnerID']","item/Document Name":"@items('Apply_to_each_11')?['Doc Name']","item/Reason of failure":"Partner contact not found in excel","item/Flow run date":"@formatDateTime(utcNow(), 'dd-MM-yyyy hh:mm:ss')"},"authentication":"@parameters('$authentication')"}}},"runAfter":{},"metadata":{"operationMetadataId":"20ad190a-ebe2-41f1-b340-28a02f7aeab4"},"type":"Foreach"}},"runAfter":{"Compose_11":["Succeeded"]},"else":{"actions":{"Apply_to_each_8":{"foreach":"@outputs('Compose_3')","actions":{"Get_a_row_5":{"runAfter":{},"metadata":{"01WASUEWH3AGP6E76AHZDKSNZRIRPGARZQ":"/General/Bicmapping/Bicmapping.xlsx","operationMetadataId":"35cb6769-65bc-42be-bd95-094699b59c01","tableId":"{C7BB1AA5-35C5-4347-8C3D-84689D1AADE4}"},"type":"OpenApiConnection","inputs":{"host":{"apiId":"/providers/Microsoft.PowerApps/apis/shared_excelonlinebusiness","connectionName":"shared_excelonlinebusiness_2","operationId":"GetItem"},"parameters":{"source":"groups/56fdfaf9-3c88-4f81-bd81-619cf5a44d9e","drive":"b!rvlYkZDnrEeE6AMTMhFQ3Gisan59IApKjGWrbIRcUx3MQv9QYniJQY3Go2rc-XXt","file":"01WASUEWH3AGP6E76AHZDKSNZRIRPGARZQ","table":"{C7BB1AA5-35C5-4347-8C3D-84689D1AADE4}","idColumn":"TrackID","id":"@{items('Apply_to_each_8')?['Track ID']}.txt"},"authentication":"@parameters('$authentication')"}},"Add_a_row_into_a_table_3":{"runAfter":{"Get_a_row_5":["Failed"]},"metadata":{"01WASUEWH3AGP6E76AHZDKSNZRIRPGARZQ":"/General/Bicmapping/Bicmapping.xlsx","operationMetadataId":"89a28814-bf6a-4a92-b4c3-0bd135ed751e","tableId":"{C7BB1AA5-35C5-4347-8C3D-84689D1AADE4}"},"type":"OpenApiConnection","inputs":{"host":{"apiId":"/providers/Microsoft.PowerApps/apis/shared_excelonlinebusiness","connectionName":"shared_excelonlinebusiness_2","operationId":"AddRowV2"},"parameters":{"source":"groups/56fdfaf9-3c88-4f81-bd81-619cf5a44d9e","drive":"b!rvlYkZDnrEeE6AMTMhFQ3Gisan59IApKjGWrbIRcUx3MQv9QYniJQY3Go2rc-XXt","file":"01WASUEWH3AGP6E76AHZDKSNZRIRPGARZQ","table":"{C7BB1AA5-35C5-4347-8C3D-84689D1AADE4}","item/ID":"@items('For_each_2')?['number']","item/TrackID":"@{items('Apply_to_each_8')?['Track ID']}.txt","item/Mapping Application":"LNS","item/Direction":"@variables('Direction')","item/Message Key":"@items('Apply_to_each_8')?['Message Type']","item/Partner ID":"@item()?['PartnerID']","item/Document Name":"@items('Apply_to_each_8')?['Doc Name']","item/Error":"@items('Apply_to_each_8')?['Error Details']","item/StartProcessingTime":"@items('Apply_to_each_8')?['StartProcessingtime']","item/Assignment Group":"@items('For_each_2')?['assignment_group']","item/Tech~1Damco Contact":"@outputs('Compose_9')","item/Business~1Customer Contact":"@outputs('Compose_11')","item/EmailSent":"N","item/Flow Run Date":"@convertFromUtc(utcNow(),'India Standard Time','dd-MMM-yyyy hh:mm')"},"authentication":"@parameters('$authentication')"}}},"runAfter":{},"metadata":{"operationMetadataId":"33e7ac0e-26d2-4abf-8341-c1b06b60513c"},"type":"Foreach"},"Apply_to_each_10":{"foreach":"@outputs('Compose_3')","actions":{"Get_a_row_6":{"runAfter":{},"metadata":{"01WASUEWH3AGP6E76AHZDKSNZRIRPGARZQ":"/General/Bicmapping/Bicmapping.xlsx","01WASUEWFCQC7A5CKRZZEKF6X45SJ327QM":"/General/Bicmapping/EDI Resource Attachment .xlsx","operationMetadataId":"49294c8e-aeb1-4899-9073-74d301c66bea","tableId":"{5DC0AD71-AE6C-41F6-9AB5-67F2D2F39779}"},"type":"OpenApiConnection","inputs":{"host":{"apiId":"/providers/Microsoft.PowerApps/apis/shared_excelonlinebusiness","connectionName":"shared_excelonlinebusiness_2","operationId":"GetItem"},"parameters":{"source":"groups/56fdfaf9-3c88-4f81-bd81-619cf5a44d9e","drive":"b!rvlYkZDnrEeE6AMTMhFQ3Gisan59IApKjGWrbIRcUx3MQv9QYniJQY3Go2rc-XXt","file":"01WASUEWFCQC7A5CKRZZEKF6X45SJ327QM","table":"{5DC0AD71-AE6C-41F6-9AB5-67F2D2F39779}","idColumn":"TrackID","id":"@items('Apply_to_each_10')?['Track ID']"},"authentication":"@parameters('$authentication')"}},"Add_a_row_into_a_table_2":{"runAfter":{"Get_a_row_6":["Failed"]},"metadata":{"01WASUEWH3AGP6E76AHZDKSNZRIRPGARZQ":"/General/Bicmapping/Bicmapping.xlsx","operationMetadataId":"89a28814-bf6a-4a92-b4c3-0bd135ed751e","tableId":"{5DC0AD71-AE6C-41F6-9AB5-67F2D2F39779}","01WASUEWFCQC7A5CKRZZEKF6X45SJ327QM":"/General/Bicmapping/EDI Resource Attachment .xlsx"},"type":"OpenApiConnection","inputs":{"host":{"apiId":"/providers/Microsoft.PowerApps/apis/shared_excelonlinebusiness","connectionName":"shared_excelonlinebusiness_2","operationId":"AddRowV2"},"parameters":{"source":"groups/56fdfaf9-3c88-4f81-bd81-619cf5a44d9e","drive":"b!rvlYkZDnrEeE6AMTMhFQ3Gisan59IApKjGWrbIRcUx3MQv9QYniJQY3Go2rc-XXt","file":"01WASUEWFCQC7A5CKRZZEKF6X45SJ327QM","table":"{5DC0AD71-AE6C-41F6-9AB5-67F2D2F39779}","item/ID":"@items('For_each_2')?['number']","item/TrackID":"@items('Apply_to_each_10')?['Track ID']","item/Mapping Application":"LNS"},"authentication":"@parameters('$authentication')"}}},"runAfter":{"Apply_to_each_8":["Succeeded"]},"metadata":{"operationMetadataId":"33e7ac0e-26d2-4abf-8341-c1b06b60513c"},"type":"Foreach"}}},"expression":{"and":[{"equals":["@empty(outputs('Compose_9'))","@true"]},{"equals":["@empty(outputs('Compose_11'))","@true"]}]},"metadata":{"operationMetadataId":"cef198e9-4afe-4613-b6a1-c2b3ae9d2721"},"type":"If"}},"runAfter":{"Condition_12":["Succeeded"]},"metadata":{"operationMetadataId":"bce7f60a-3738-4e23-9696-39825a93f130"},"type":"Foreach"},"Condition_12":{"actions":{"Partner_not_found":{"runAfter":{},"metadata":{"operationMetadataId":"389f4905-e9cd-4c42-bee4-69e676898d7e"},"type":"Compose","inputs":"Partner not found"},"Apply_to_each_4":{"foreach":"@outputs('Compose_3')","actions":{"Add_a_row_into_a_table_4":{"runAfter":{},"metadata":{"01WASUEWH3AGP6E76AHZDKSNZRIRPGARZQ":"/General/Bicmapping/Bicmapping.xlsx","operationMetadataId":"89a28814-bf6a-4a92-b4c3-0bd135ed751e","tableId":"{E005B51E-1219-44C1-82EF-5D34E8B3151C}"},"type":"OpenApiConnection","inputs":{"host":{"apiId":"/providers/Microsoft.PowerApps/apis/shared_excelonlinebusiness","connectionName":"shared_excelonlinebusiness_2","operationId":"AddRowV2"},"parameters":{"source":"groups/56fdfaf9-3c88-4f81-bd81-619cf5a44d9e","drive":"b!rvlYkZDnrEeE6AMTMhFQ3Gisan59IApKjGWrbIRcUx3MQv9QYniJQY3Go2rc-XXt","file":"01WASUEWH3AGP6E76AHZDKSNZRIRPGARZQ","table":"{E005B51E-1219-44C1-82EF-5D34E8B3151C}","item/ID":"@items('For_each_2')?['number']","item/Track Id":"@items('Apply_to_each_4')?['Track ID']","item/Mapping Application":"LNS","item/Message Key":"@items('Apply_to_each_4')['Message Type']","item/Direction":"@variables('Direction')","item/Assignment group":"@items('For_each_2')?['assignment_group']","item/Partner ID":"@items('Apply_to_each_4')?['PartnerID']","item/Document Name":"@items('Apply_to_each_4')?['Doc Name']","item/Reason of failure":"Partner contact not found in excel","item/Flow run date":"@formatDateTime(utcNow(), 'dd-MM-yyyy hh:mm:ss')"},"authentication":"@parameters('$authentication')"}}},"runAfter":{"Partner_not_found":["Succeeded"]},"metadata":{"operationMetadataId":"20ad190a-ebe2-41f1-b340-28a02f7aeab4"},"type":"Foreach"}},"runAfter":{"Compose_17":["Succeeded"]},"expression":{"equals":["@empty(outputs('List_rows_present_in_a_table_2')?['body'])","@true"]},"metadata":{"operationMetadataId":"8941b018-b518-4e85-957f-a801f706bd69"},"type":"If"},"Compose_17":{"runAfter":{"List_rows_present_in_a_table_2":["Succeeded"]},"metadata":{"operationMetadataId":"75c3ba3a-9c5d-4bd0-8dd6-8e80bcfbf3b7"},"type":"Compose","inputs":"@first(outputs('List_rows_present_in_a_table_2')?['body/value'])?['Damco Contact List']"}}},"expression":{"contains":["@outputs('Compose_3')[0]['PartnerID']","NOT_SET"]},"metadata":{"operationMetadataId":"6ccd39f2-f207-4635-b92c-8c0332585f72"},"type":"If"}}},"expression":{"startsWith":["@trim(outputs('Compose_3')[0]['Error Details'])","NOT_SET"]},"metadata":{"operationMetadataId":"05ccd870-170f-42d5-9197-96ad3f285d7b"},"type":"If"}}},"expression":{"equals":["@empty(outputs('Compose_3'))","@true"]},"metadata":{"operationMetadataId":"10036ad3-4e14-430f-88bd-77e82b6edb8c"},"type":"If"},"LNS_Data":{"runAfter":{"Ignore":["Succeeded"]},"metadata":{"operationMetadataId":"b99c879f-c74d-40d1-9e57-cca361f4191e"},"type":"Query","inputs":{"from":"@body('Select')","where":"@or(contains(item()['PartnerTPM'], 'MAERSK - LNS Partner Group'),contains(item()['HostTPM'], 'MAERSK_LNS'))\n"}},"Condition_10":{"actions":{"Compose_4":{"runAfter":{},"metadata":{"operationMetadataId":"0d657cf6-24a0-409f-9453-97c019a410b6"},"type":"Compose","inputs":"@union(body('BicMapping_Data'),body('BicMapping_Data'))"},"Condition_4":{"actions":{},"runAfter":{"Compose_4":["Succeeded"]},"else":{"actions":{"Compose_14":{"runAfter":{},"metadata":{"operationMetadataId":"d1f4206d-3fac-4d7f-9c48-20964220c9a9"},"type":"Compose","inputs":"@outputs('Compose_4')[0]['Error Details']"},"Condition_7":{"actions":{"Apply_to_each":{"foreach":"@outputs('Compose_4')","actions":{"Add_a_row_into_a_table_5":{"runAfter":{},"metadata":{"01WASUEWH3AGP6E76AHZDKSNZRIRPGARZQ":"/General/Bicmapping/Bicmapping.xlsx","operationMetadataId":"89a28814-bf6a-4a92-b4c3-0bd135ed751e","tableId":"{E005B51E-1219-44C1-82EF-5D34E8B3151C}"},"type":"OpenApiConnection","inputs":{"host":{"apiId":"/providers/Microsoft.PowerApps/apis/shared_excelonlinebusiness","connectionName":"shared_excelonlinebusiness_2","operationId":"AddRowV2"},"parameters":{"source":"groups/56fdfaf9-3c88-4f81-bd81-619cf5a44d9e","drive":"b!rvlYkZDnrEeE6AMTMhFQ3Gisan59IApKjGWrbIRcUx3MQv9QYniJQY3Go2rc-XXt","file":"01WASUEWH3AGP6E76AHZDKSNZRIRPGARZQ","table":"{E005B51E-1219-44C1-82EF-5D34E8B3151C}","item/ID":"@items('For_each_2')?['number']","item/Track Id":"@item()?['Track ID']","item/Mapping Application":"BicMapping","item/Message Key":"@item()['Message Type']","item/Direction":"@variables('Direction')","item/Assignment group":"@items('For_each_2')?['assignment_group']","item/Partner ID":"@item()?['PartnerID']","item/Document Name":"@item()?['Doc Name']","item/Reason of failure":"Error details are missing","item/Flow run date":"@formatDateTime(utcNow(), 'dd-MM-yyyy hh:mm:ss')"},"authentication":"@parameters('$authentication')"}}},"runAfter":{},"metadata":{"operationMetadataId":"d5968a0d-27fb-4bc1-89ce-68038101ed42"},"type":"Foreach"}},"runAfter":{"Compose_14":["Succeeded"]},"else":{"actions":{"Condition_3":{"actions":{"Apply_to_each_6":{"foreach":"@outputs('Compose_4')","actions":{"Add_a_row_into_a_table_9":{"runAfter":{},"metadata":{"01WASUEWH3AGP6E76AHZDKSNZRIRPGARZQ":"/General/Bicmapping/Bicmapping.xlsx","operationMetadataId":"89a28814-bf6a-4a92-b4c3-0bd135ed751e","tableId":"{E005B51E-1219-44C1-82EF-5D34E8B3151C}"},"type":"OpenApiConnection","inputs":{"host":{"apiId":"/providers/Microsoft.PowerApps/apis/shared_excelonlinebusiness","connectionName":"shared_excelonlinebusiness_2","operationId":"AddRowV2"},"parameters":{"source":"groups/56fdfaf9-3c88-4f81-bd81-619cf5a44d9e","drive":"b!rvlYkZDnrEeE6AMTMhFQ3Gisan59IApKjGWrbIRcUx3MQv9QYniJQY3Go2rc-XXt","file":"01WASUEWH3AGP6E76AHZDKSNZRIRPGARZQ","table":"{E005B51E-1219-44C1-82EF-5D34E8B3151C}","item/ID":"@items('For_each_2')?['number']","item/Track Id":"@items('Apply_to_each_6')?['Track ID']","item/Mapping Application":"BicMapping","item/Message Key":"@items('Apply_to_each_6')['Message Type']","item/Direction":"@variables('Direction')","item/Assignment group":"@items('For_each_2')?['assignment_group']","item/Partner ID":"@item()?['PartnerID']","item/Document Name":"@item()?['Doc Name']","item/Reason of failure":"Partner ID not-set","item/Flow run date":"@formatDateTime(utcNow(), 'dd-MM-yyyy hh:mm:ss')"},"authentication":"@parameters('$authentication')"}}},"runAfter":{},"metadata":{"operationMetadataId":"19548160-8def-4dce-9a7f-218cd762616e"},"type":"Foreach"}},"runAfter":{},"else":{"actions":{"Create_HTML_table_2":{"runAfter":{},"metadata":{"operationMetadataId":"030044b1-c69a-4946-9161-00b1fe4a86f8"},"type":"Table","inputs":{"from":"@outputs('Compose_4')","format":"HTML","columns":[{"header":"Incident","value":"@items('For_each_2')?['number']"},{"header":"MessageType","value":"@item()['Message Type']"},{"header":"DocumentName","value":"@item()['Doc Name']"},{"header":"ProcessingTime","value":"@item()['StartProcessingtime']"},{"header":"TrackID","value":"@item()['Track ID']"}]}},"Compose_5":{"runAfter":{"Create_HTML_table_2":["Succeeded"]},"metadata":{"operationMetadataId":"8d64c71f-3aa9-48b5-823c-6b0a703ce6df"},"type":"Compose","inputs":"<style>\n\ntable {\n\n  border: 1px solid \"black\";\n\n  background-color: \"white\";\n\n  width: 100%;\n\n  text-align: left;\n\n  border-collapse: collapse;\n\n}\n\ntable td, table th {\n\n  border: 1px solid #000000;\n\n  padding: 3px 2px;\n\n}\n\ntable tbody td {\n\n  font-size: 13px;\n\n}\n\ntable thead {\n\n  background: \"black\";\n\n  border-bottom: 2px solid #000000;\n\n}\n\ntable thead th {\n\n  font-size: 15px;\n\n  font-weight: bold;\n\n  color: black;\n\n  border-left: 2px solid #000000;\n\n}\n\ntable thead th:first-child {\n\n  border-left: none;\n\n}\n\n</style>"},"Compose_7":{"runAfter":{"Compose_5":["Succeeded"]},"metadata":{"operationMetadataId":"2b955e3b-d9a7-4b3e-9cb7-40d255dea78a"},"type":"Compose","inputs":"@trim(outputs('Compose_4')[0]['PartnerID'])"},"List_rows_present_in_a_table":{"runAfter":{"Compose_7":["Succeeded"]},"metadata":{"01WASUEWH3AGP6E76AHZDKSNZRIRPGARZQ":"/General/Bicmapping/Bicmapping.xlsx","operationMetadataId":"31dea7cb-da75-410a-8853-02dff7691deb","tableId":"{80C533D5-B06D-4C8C-BEB4-89053CE418A7}"},"type":"OpenApiConnection","inputs":{"host":{"apiId":"/providers/Microsoft.PowerApps/apis/shared_excelonlinebusiness","connectionName":"shared_excelonlinebusiness_2","operationId":"GetItems"},"parameters":{"source":"groups/56fdfaf9-3c88-4f81-bd81-619cf5a44d9e","drive":"b!rvlYkZDnrEeE6AMTMhFQ3Gisan59IApKjGWrbIRcUx3MQv9QYniJQY3Go2rc-XXt","file":"01WASUEWH3AGP6E76AHZDKSNZRIRPGARZQ","table":"{80C533D5-B06D-4C8C-BEB4-89053CE418A7}","$filter":"contains(EDIPartnerID, '@{outputs('Compose_7')}')","$top":1},"authentication":"@parameters('$authentication')"}},"Condition_11":{"actions":{"Partner_not_found2":{"runAfter":{},"metadata":{"operationMetadataId":"4b24a853-010e-476e-9d64-225a1a6ab75f"},"type":"Compose","inputs":"Partner not found"},"Compose_16":{"runAfter":{"Partner_not_found2":["Succeeded"]},"metadata":{"operationMetadataId":"6934d0ff-4bd6-4365-ae4e-e46488671523"},"type":"Compose","inputs":"@outputs('Compose_7')"},"Apply_to_each_5":{"foreach":"@outputs('Compose_4')","actions":{"Add_a_row_into_a_table_8":{"runAfter":{},"metadata":{"01WASUEWH3AGP6E76AHZDKSNZRIRPGARZQ":"/General/Bicmapping/Bicmapping.xlsx","operationMetadataId":"89a28814-bf6a-4a92-b4c3-0bd135ed751e","tableId":"{E005B51E-1219-44C1-82EF-5D34E8B3151C}"},"type":"OpenApiConnection","inputs":{"host":{"apiId":"/providers/Microsoft.PowerApps/apis/shared_excelonlinebusiness","connectionName":"shared_excelonlinebusiness_2","operationId":"AddRowV2"},"parameters":{"source":"groups/56fdfaf9-3c88-4f81-bd81-619cf5a44d9e","drive":"b!rvlYkZDnrEeE6AMTMhFQ3Gisan59IApKjGWrbIRcUx3MQv9QYniJQY3Go2rc-XXt","file":"01WASUEWH3AGP6E76AHZDKSNZRIRPGARZQ","table":"{E005B51E-1219-44C1-82EF-5D34E8B3151C}","item/ID":"@items('For_each_2')?['number']","item/Track Id":"@items('Apply_to_each_5')?['Track ID']","item/Mapping Application":"BicMapping","item/Message Key":"@items('Apply_to_each_5')['Message Type']","item/Direction":"@variables('Direction')","item/Assignment group":"@items('For_each_2')?['assignment_group']","item/Partner ID":"@item()?['PartnerID']","item/Document Name":"@item()?['Doc Name']","item/Reason of failure":"@outputs('Partner_not_found2')","item/Flow run date":"@formatDateTime(utcNow(), 'dd-MM-yyyy hh:mm:ss')"},"authentication":"@parameters('$authentication')"}}},"runAfter":{"Compose_16":["Succeeded"]},"metadata":{"operationMetadataId":"19548160-8def-4dce-9a7f-218cd762616e"},"type":"Foreach"}},"runAfter":{"List_rows_present_in_a_table":["Succeeded"]},"expression":{"equals":["@empty(outputs('List_rows_present_in_a_table')?['body'])","@true"]},"metadata":{"operationMetadataId":"5772b86c-ea00-48b9-aec5-8cf191907e98"},"type":"If"},"Apply_to_each_12":{"foreach":"@outputs('List_rows_present_in_a_table')?['body/value']","actions":{"Compose_6":{"runAfter":{},"metadata":{"operationMetadataId":"2db809ce-3f1b-49ec-9d6a-98d88bee8b1f"},"type":"Compose","inputs":"@items('Apply_to_each_12')?['Partner''s Business email']"},"Compose_10":{"runAfter":{"Compose_6":["Succeeded"]},"metadata":{"operationMetadataId":"67299199-f797-4425-9996-6db34deab60f"},"type":"Compose","inputs":"@items('Apply_to_each_12')?['Patner''s Tech eMail']"},"Apply_to_each_7":{"foreach":"@outputs('Compose_4')","actions":{"Get_a_row_3":{"runAfter":{},"metadata":{"01WASUEWH3AGP6E76AHZDKSNZRIRPGARZQ":"/General/Bicmapping/Bicmapping.xlsx","operationMetadataId":"5e19ca7f-f4d3-41df-ac6a-0c958f6c092a","tableId":"{C7BB1AA5-35C5-4347-8C3D-84689D1AADE4}"},"type":"OpenApiConnection","inputs":{"host":{"apiId":"/providers/Microsoft.PowerApps/apis/shared_excelonlinebusiness","connectionName":"shared_excelonlinebusiness_2","operationId":"GetItem"},"parameters":{"source":"groups/56fdfaf9-3c88-4f81-bd81-619cf5a44d9e","drive":"b!rvlYkZDnrEeE6AMTMhFQ3Gisan59IApKjGWrbIRcUx3MQv9QYniJQY3Go2rc-XXt","file":"01WASUEWH3AGP6E76AHZDKSNZRIRPGARZQ","table":"{C7BB1AA5-35C5-4347-8C3D-84689D1AADE4}","idColumn":"TrackID","id":"@{items('Apply_to_each_7')?['Track ID']}.txt"},"authentication":"@parameters('$authentication')"}},"Add_a_row_into_a_table_10":{"runAfter":{"Get_a_row_3":["Failed"]},"metadata":{"01WASUEWH3AGP6E76AHZDKSNZRIRPGARZQ":"/General/Bicmapping/Bicmapping.xlsx","operationMetadataId":"89a28814-bf6a-4a92-b4c3-0bd135ed751e","tableId":"{C7BB1AA5-35C5-4347-8C3D-84689D1AADE4}"},"type":"OpenApiConnection","inputs":{"host":{"apiId":"/providers/Microsoft.PowerApps/apis/shared_excelonlinebusiness","connectionName":"shared_excelonlinebusiness_2","operationId":"AddRowV2"},"parameters":{"source":"groups/56fdfaf9-3c88-4f81-bd81-619cf5a44d9e","drive":"b!rvlYkZDnrEeE6AMTMhFQ3Gisan59IApKjGWrbIRcUx3MQv9QYniJQY3Go2rc-XXt","file":"01WASUEWH3AGP6E76AHZDKSNZRIRPGARZQ","table":"{C7BB1AA5-35C5-4347-8C3D-84689D1AADE4}","item/ID":"@items('For_each_2')?['number']","item/TrackID":"@{items('Apply_to_each_7')?['Track ID']}.txt","item/Mapping Application":"BicMapping","item/Direction":"IN","item/Message Key":"@item()?['Message Type']","item/Partner ID":"@item()?['PartnerID']","item/Document Name":"@item()?['Doc Name']","item/Error":"@item()?['Error Details']","item/StartProcessingTime":"@item()?['StartProcessingtime']","item/Assignment Group":"@items('For_each_2')?['assignment_group']","item/Tech~1Damco Contact":"@outputs('Compose_10')","item/Business~1Customer Contact":"@outputs('Compose_6')","item/EmailSent":"N","item/Flow Run Date":"@convertFromUtc(utcNow(),'India Standard Time','dd-MMM-yyyy hh:mm')"},"authentication":"@parameters('$authentication')"}}},"runAfter":{"Compose_10":["Succeeded"]},"metadata":{"operationMetadataId":"33e7ac0e-26d2-4abf-8341-c1b06b60513c"},"type":"Foreach"},"Apply_to_each_9":{"foreach":"@outputs('Compose_4')","actions":{"Get_a_row_4":{"runAfter":{},"metadata":{"01WASUEWFCQC7A5CKRZZEKF6X45SJ327QM":"/General/Bicmapping/EDI Resource Attachment .xlsx","operationMetadataId":"72681c8e-5b94-4b54-bad5-88a0f78a039d","tableId":"{5DC0AD71-AE6C-41F6-9AB5-67F2D2F39779}"},"type":"OpenApiConnection","inputs":{"host":{"apiId":"/providers/Microsoft.PowerApps/apis/shared_excelonlinebusiness","connectionName":"shared_excelonlinebusiness_2","operationId":"GetItem"},"parameters":{"source":"groups/56fdfaf9-3c88-4f81-bd81-619cf5a44d9e","drive":"b!rvlYkZDnrEeE6AMTMhFQ3Gisan59IApKjGWrbIRcUx3MQv9QYniJQY3Go2rc-XXt","file":"01WASUEWFCQC7A5CKRZZEKF6X45SJ327QM","table":"{5DC0AD71-AE6C-41F6-9AB5-67F2D2F39779}","idColumn":"TrackID","id":"@items('Apply_to_each_9')?['Track ID']"},"authentication":"@parameters('$authentication')"}},"Add_a_row_into_a_table":{"runAfter":{"Get_a_row_4":["Failed"]},"metadata":{"01WASUEWH3AGP6E76AHZDKSNZRIRPGARZQ":"/General/Bicmapping/Bicmapping.xlsx","operationMetadataId":"89a28814-bf6a-4a92-b4c3-0bd135ed751e","tableId":"{5DC0AD71-AE6C-41F6-9AB5-67F2D2F39779}","01WASUEWFCQC7A5CKRZZEKF6X45SJ327QM":"/General/Bicmapping/EDI Resource Attachment .xlsx"},"type":"OpenApiConnection","inputs":{"host":{"apiId":"/providers/Microsoft.PowerApps/apis/shared_excelonlinebusiness","connectionName":"shared_excelonlinebusiness_2","operationId":"AddRowV2"},"parameters":{"source":"groups/56fdfaf9-3c88-4f81-bd81-619cf5a44d9e","drive":"b!rvlYkZDnrEeE6AMTMhFQ3Gisan59IApKjGWrbIRcUx3MQv9QYniJQY3Go2rc-XXt","file":"01WASUEWFCQC7A5CKRZZEKF6X45SJ327QM","table":"{5DC0AD71-AE6C-41F6-9AB5-67F2D2F39779}","item/ID":"@items('For_each_2')?['number']","item/TrackID":"@items('Apply_to_each_9')?['Track ID']","item/Mapping Application":"BicMapping"},"authentication":"@parameters('$authentication')"}}},"runAfter":{"Apply_to_each_7":["Succeeded"]},"metadata":{"operationMetadataId":"33e7ac0e-26d2-4abf-8341-c1b06b60513c"},"type":"Foreach"}},"runAfter":{"Condition_11":["Succeeded"]},"metadata":{"operationMetadataId":"fe53c208-9a74-41db-bc77-f10998b27b9a"},"type":"Foreach"}}},"expression":{"contains":["@outputs('Compose_4')[0]['PartnerID']","NOT_SET"]},"metadata":{"operationMetadataId":"3516afa3-1a2f-429d-9e78-f68f3eb50b10"},"type":"If"}}},"expression":{"startsWith":["@trim(outputs('Compose_4')[0]['Error Details'])","NOT_SET"]},"metadata":{"operationMetadataId":"05ccd870-170f-42d5-9197-96ad3f285d7b"},"type":"If"}}},"expression":{"equals":["@empty(outputs('Compose_4'))","@true"]},"metadata":{"operationMetadataId":"c413e537-83d9-43f5-bc15-4407e820486a"},"type":"If"}},"runAfter":{"Compose_15":["Succeeded"]},"expression":{"contains":["@outputs('Short_Desc')"," IN "]},"metadata":{"operationMetadataId":"823965bd-36b8-49ce-8cf9-fdad1988ba32"},"type":"If"},"Compose_15":{"runAfter":{"BicMapping_Data":["Succeeded"]},"metadata":{"operationMetadataId":"6c9d4f87-0067-4030-b711-27d4d16cd715"},"type":"Compose","inputs":"@variables('Direction')"},"Filter_array":{"runAfter":{"LNS_Data":["Succeeded"]},"metadata":{"operationMetadataId":"d8e2a5ec-792a-4ed0-a8d0-2c6fa0b0fdf0"},"type":"Query","inputs":{"from":"@body('LNS_Data')","where":"@not(contains(item()['Message Type'], 'AIRLCL_EVENTS '))"}}}},"expression":{"equals":["@true","@false"]},"metadata":{"operationMetadataId":"6d70ef45-b384-446e-8ca9-c9000b2f9427"},"type":"If"},"Short_Desc":{"runAfter":{"Comments_and_Work_Notes_2":["Succeeded"]},"metadata":{"operationMetadataId":"9d9ee102-354a-4946-b986-bddb8d9b6bda"},"type":"Compose","inputs":"@items('For_each_2')?['short_description']"},"Check_Direction":{"actions":{"Set_variable":{"runAfter":{},"metadata":{"operationMetadataId":"3aee3ad3-5db4-406c-8482-d22df2745b1e"},"type":"SetVariable","inputs":{"name":"Direction","value":"@variables('IN')"}}},"runAfter":{"Compose":["Succeeded"]},"else":{"actions":{"Condition_9":{"actions":{"Set_variable_2":{"runAfter":{},"metadata":{"operationMetadataId":"988b3aa7-9ab2-46e0-a5e1-5e91daf2e9d6"},"type":"SetVariable","inputs":{"name":"Direction","value":"@variables('OUT')"}}},"runAfter":{},"expression":{"contains":["@outputs('Short_Desc')"," OUT "]},"metadata":{"operationMetadataId":"80729570-79ef-4503-bee1-2e09d8e7c025"},"type":"If"}}},"expression":{"contains":["@outputs('Short_Desc')"," IN "]},"metadata":{"operationMetadataId":"e5ba67b6-477c-469e-a29d-44268075cef4"},"type":"If"}},"runAfter":{"Direction":["Succeeded"]},"metadata":{"operationMetadataId":"5c231f68-0df1-4f28-81f9-2b06fb31a7c7"},"type":"Foreach","runtimeConfiguration":{"concurrency":{"repetitions":50}}},"Compose_12":{"runAfter":{"For_each_2":["Succeeded","Failed","Skipped","TimedOut"]},"metadata":{"operationMetadataId":"923995d5-aec1-42a6-9c5f-9a54fb72514f"},"type":"Compose","inputs":" "},"Compose_13":{"runAfter":{"List_Records":["Succeeded"]},"metadata":{"operationMetadataId":"77a619a0-8448-470c-a9ff-d6b26190b0b6"},"type":"Compose","inputs":"@length(outputs('List_Records')?['body/result'])"},"Initialize_variable":{"runAfter":{"Enter":["Succeeded"]},"metadata":{"operationMetadataId":"2a1aeb5a-3617-41c7-993b-0ba7145b7ae7"},"type":"InitializeVariable","inputs":{"variables":[{"name":"IN","type":"string","value":"IN"}]}},"Initialize_variable_2":{"runAfter":{"Initialize_variable":["Succeeded"]},"metadata":{"operationMetadataId":"2e0cc281-e832-481c-a004-634c1ebfbcb1"},"type":"InitializeVariable","inputs":{"variables":[{"name":"OUT","type":"string","value":"OUT"}]}}}},"connectionReferences":{"shared_service-now":{"connectionName":"shared-service-now-ace211af-7b05-4c15-839d-3df28d3b3c9c","source":"Embedded","id":"/providers/Microsoft.PowerApps/apis/shared_service-now","tier":"NotSpecified"},"shared_excelonlinebusiness_1":{"connectionName":"shared-excelonlinebu-88b990d9-c00c-468c-9fd0-16a3750a6e95","source":"Embedded","id":"/providers/Microsoft.PowerApps/apis/shared_excelonlinebusiness","tier":"NotSpecified"},"shared_excelonlinebusiness_2":{"connectionName":"shared-excelonlinebu-0a07022b-2e02-499e-9274-f980113e9cff","source":"Embedded","id":"/providers/Microsoft.PowerApps/apis/shared_excelonlinebusiness","tier":"NotSpecified"}},"flowFailureAlertSubscribed":false,"isManaged":false}}