{"name":"bb8f315e-fd75-46a7-b93c-6f9b012dedd7","id":"/providers/Microsoft.Flow/flows/bb8f315e-fd75-46a7-b93c-6f9b012dedd7","type":"Microsoft.Flow/flows","properties":{"apiId":"/providers/Microsoft.PowerApps/apis/shared_logicflows","displayName":"Copy of - Modified AIRLCL","definition":{"metadata":{"workflowEntityId":null,"processAdvisorMetadata":null,"flowChargedByPaygo":null,"flowclientsuspensionreason":"None","flowclientsuspensiontime":null,"flowclientsuspensionreasondetails":null,"creator":{"id":"e8104115-8f81-4120-a9e6-8e32c54151d1","type":"User","tenantId":"05d75c05-fa1a-42e7-9cf1-eb416c396f2d"},"provisioningMethod":"FromDefinition","failureAlertSubscription":true,"clientLastModifiedTime":"2024-10-03T09:55:52.8255523Z","connectionKeySavedTimeKey":"2024-10-03T09:55:52.8255523Z"},"$schema":"https://schema.management.azure.com/providers/Microsoft.Logic/schemas/2016-06-01/workflowdefinition.json#","contentVersion":"1.0.0.0","parameters":{"$connections":{"defaultValue":{},"type":"Object"},"$authentication":{"defaultValue":{},"type":"SecureObject"}},"triggers":{"Recurrence":{"recurrence":{"frequency":"Day","interval":1,"timeZone":"India Standard Time","schedule":{"hours":["7","19"],"minutes":[10]}},"metadata":{"operationMetadataId":"14d30706-16ba-4ceb-938a-f90d4b67f149"},"type":"Recurrence"}},"actions":{"ENTER_":{"runAfter":{"Styling":["Succeeded"]},"metadata":{"operationMetadataId":"48f67aa7-d151-4103-bac7-88dea67840fa"},"type":"InitializeVariable","inputs":{"variables":[{"name":"ENTER","type":"string","value":"\n"}]}},"List_Records":{"runAfter":{"Apply_to_each_3":["Succeeded"]},"metadata":{"operationMetadataId":"95c5a01d-e22d-4015-8891-3c7ef2a3e969"},"type":"OpenApiConnection","inputs":{"host":{"apiId":"/providers/Microsoft.PowerApps/apis/shared_service-now","connectionName":"shared_service-now_1","operationId":"GetRecords"},"parameters":{"tableType":"incident","sysparm_display_value":true,"sysparm_exclude_reference_link":true,"sysparm_query":"assignment_group=0c0bf4d51b0e0110358ded38b04bcb30^active=true^state=1^caller_id=12bc164efb4ec65cb643f197beefdc67^cmdb_ci=0210f7491be7c9d464f9ed32b24bcba7"},"authentication":"@parameters('$authentication')"}},"Apply_to_each_2":{"foreach":"@outputs('List_Records')?['body/result']","actions":{"Work_Notes":{"runAfter":{},"metadata":{"operationMetadataId":"1cbc2475-2f52-434a-aa77-bff82f24cc83"},"type":"Compose","inputs":"@items('Apply_to_each_2')?['work_notes']"},"Compose_3":{"runAfter":{"Work_Notes":["Succeeded"]},"metadata":{"operationMetadataId":"420653aa-99b5-4f4f-8d5c-ad9d8a4f4847"},"type":"Compose","inputs":"@split(outputs('Work_Notes'),variables('Double_enter'))"},"Filter_array_2":{"runAfter":{"Compose_3":["Succeeded"]},"metadata":{"operationMetadataId":"c2a61a49-f20c-455e-accb-0f36660c11d2"},"type":"Query","inputs":{"from":"@outputs('Compose_3')","where":"@and(contains(item(), 'TrackID'), contains(item(), '(Work notes)'))"}},"Select_data_for_sending_mail":{"runAfter":{"Filter_array_2":["Succeeded"]},"metadata":{"operationMetadataId":"acd58f71-3fa8-4ec4-a996-b81172c2a2f1"},"type":"Select","inputs":{"from":"@body('Filter_array_2')","select":{"MsgTyp":"@split(split(item(),'MsgTyp = ')[1],variables('Enter'))[0]","DocumentName":"@split(split(item(),'DocumentName = ')[1],variables('Enter'))[0]","TrackID":"@split(split(item(),'TrackID = ')[1],variables('Enter'))[0]","StartProcessingtime":"@split(split(item(),'StartProcessingtime = ')[1],variables('Enter'))[0]","ErrorDetails":"@trim(split(split(outputs('Work_Notes'),'Errordetails = ')[1],variables('ENTER'))[0])"}}},"Unique_data":{"runAfter":{"Select_data_for_sending_mail":["Succeeded"]},"metadata":{"operationMetadataId":"8840df39-6634-4e36-9f52-b407d906b4fd"},"type":"Compose","inputs":"@union(body('Select_data_for_sending_mail'),body('Select_data_for_sending_mail'))"},"Messagetype":{"runAfter":{"Unique_data":["Succeeded"]},"metadata":{"operationMetadataId":"ef83eba5-e51f-410a-8a9f-1a6d741154a5"},"type":"Select","inputs":{"from":"@outputs('Unique_data')","select":"@item()['MsgTyp']"}},"Unique_Message_type":{"runAfter":{"Messagetype":["Succeeded"]},"metadata":{"operationMetadataId":"b9d02c3b-01ac-4653-a095-492b7e3bca19"},"type":"Compose","inputs":"@trim(join(union(body('Messagetype'),body('Messagetype')),''))"},"Condition":{"actions":{"Unique_Document_Name":{"runAfter":{},"metadata":{"operationMetadataId":"50fdb8f3-65cb-423a-8608-75818c6e0cb3"},"type":"Select","inputs":{"from":"@outputs('Unique_data')","select":"@item()['DocumentName']"}},"Start_Processing_Time":{"runAfter":{"Output_Unique_Document_Name":["Succeeded"]},"metadata":{"operationMetadataId":"76faaf97-e135-4bb1-aa19-3e30c55d5988"},"type":"Select","inputs":{"from":"@outputs('Unique_data')","select":"@item()['StartProcessingtime']"}},"StartProcessingTime":{"runAfter":{"Start_Processing_Time":["Succeeded"]},"metadata":{"operationMetadataId":"90e8ed61-3ae2-4033-8ec4-472dc9803f3f"},"type":"Compose","inputs":"@join(body('Start_Processing_Time'),'')"},"Error_details_n":{"runAfter":{"StartProcessingTime":["Succeeded"]},"metadata":{"operationMetadataId":"70ce024e-f0ad-4605-92b2-fe74e888e86c"},"type":"Select","inputs":{"from":"@outputs('Unique_data')","select":"@item()['ErrorDetails']"}},"UniqueErrorDetails":{"runAfter":{"Error_details_n":["Succeeded"]},"metadata":{"operationMetadataId":"64abdaf7-e9fc-4448-aa2c-f71dcdcf020d"},"type":"Compose","inputs":"@join(union(body('Error_details_n'),body('Error_details_n')),'')"},"TrackID":{"runAfter":{"UniqueErrorDetails":["Succeeded"]},"metadata":{"operationMetadataId":"e009446d-2ede-4827-be55-ca3f435171df"},"type":"Select","inputs":{"from":"@outputs('Unique_data')","select":{"TrackID":"@item()['TrackID']","DocumentName":"@item()['DocumentName']","StartProcessingTime":"@item()['StartProcessingtime']"}}},"Partner_ID":{"runAfter":{"Unique_TrackID":["Succeeded"]},"metadata":{"operationMetadataId":"50a7eec6-50ae-472c-a994-ee7cbecb4e7e"},"type":"Compose","inputs":"@trim(split(split(outputs('Work_Notes'),'PartnerID = ')[1],variables('Enter'))[0])"},"Get_a_row":{"runAfter":{"Partner_ID":["Succeeded","Failed"]},"metadata":{"012EFUUM7WEPXNEZD3JFE2SDLFJIZNSWK6":"/Documents/Seeburger Use Case/Seeburger L&S Bicmapping Contacts.xlsx","operationMetadataId":"2931c16d-cd43-4154-b1fc-4e437324603f","tableId":"{794561C9-441B-47E9-BA15-6C38885C99E0}"},"type":"OpenApiConnection","inputs":{"host":{"apiId":"/providers/Microsoft.PowerApps/apis/shared_excelonlinebusiness","connectionName":"shared_excelonlinebusiness","operationId":"GetItem"},"parameters":{"source":"https://teamsite.maerskgroup.com/teams/BEPIntegration","drive":"b!cC5zM7SnG0yW06f2TU8j13UTzg2FzrFAk1flB7GIvt81ySZ7or9ASqZgBFnrwNfk","file":"General/Others/Seeburger L&S Bicmapping Contacts.xlsx","table":"{794561C9-441B-47E9-BA15-6C38885C99E0}","idColumn":"Partner ID","id":"@outputs('Partner_ID')"},"authentication":"@parameters('$authentication')"}},"EmailPartnerID":{"runAfter":{"Get_a_row":["Succeeded","Failed"]},"metadata":{"operationMetadataId":"c3e1f72c-8384-4993-997a-9ba8f0fddfec"},"type":"Compose","inputs":"@outputs('Get_a_row')?['body/Maersk~1Damco Contact List']"},"Condition_3":{"actions":{"Apply_to_each_5":{"foreach":"@body('TrackID')","actions":{"Add_a_row_into_a_table_3":{"runAfter":{},"metadata":{"012EFUUM4KGYBA6Y7QYNGIG7CSCMMZUNRM":"/Documents/Seeburger & AIRLCL Use Case/AIRLCL Notification Data.xlsx","operationMetadataId":"faba057d-03b9-4dc8-8811-e77249f9a15a","tableId":"{A78A6195-907E-4CD6-892D-12B807CE8A4A}","012EFUUM6OXCIMANMY3FE3QX2WCATQONWJ":"/Documents/Seeburger & AIRLCL Use Case/NewTest_AIRLCL Notification Data - Copy.xlsx","01WASUEWAIUWUOJGIRVZH2WQBSSGHCE7H6":"/General/AIRLCL/Modified_AIRLCL Notification Data - Copy.xlsx"},"type":"OpenApiConnection","inputs":{"host":{"apiId":"/providers/Microsoft.PowerApps/apis/shared_excelonlinebusiness","connectionName":"shared_excelonlinebusiness_1","operationId":"AddRowV2"},"parameters":{"source":"groups/56fdfaf9-3c88-4f81-bd81-619cf5a44d9e","drive":"b!rvlYkZDnrEeE6AMTMhFQ3Gisan59IApKjGWrbIRcUx3MQv9QYniJQY3Go2rc-XXt","file":"01WASUEWAIUWUOJGIRVZH2WQBSSGHCE7H6","table":"{A78A6195-907E-4CD6-892D-12B807CE8A4A}","item/Sno":"@variables('Sr_Failure Sheet')","item/Incidents":"@items('Apply_to_each_2')?['number']","item/Resource":"@item()['TrackID']","item/Document Name":"@item()['DocumentName']","item/Damco Contact":"Contact Not Found","item/Error Details":"@outputs('UniqueErrorDetails')","item/Partner ID":"@outputs('Partner_ID')","item/Message Type":"@outputs('Unique_Message_type')","item/Start Processing Time":"@item()['StartProcessingtime']","item/Mail Sent to Partner(Y~1N)":"N","item/ Resolved Status":"Not Resolved","item/Created Date":"@items('Apply_to_each_2')?['sys_created_on']","item/Flow run date":"@convertFromUtc(utcNow(),'India Standard Time','dd-MMM-yyyy hh:mm')"},"authentication":"@parameters('$authentication')"}},"Increment_variable":{"runAfter":{"Add_a_row_into_a_table_3":["Succeeded"]},"metadata":{"operationMetadataId":"0f237e8a-2a8a-4dd1-b4cc-9558225b17a8"},"type":"IncrementVariable","inputs":{"name":"Sr_Failure Sheet","value":1}}},"runAfter":{},"metadata":{"operationMetadataId":"0666597a-42f5-48fd-a7a5-d99a5d0f822d"},"type":"Foreach"}},"runAfter":{"EmailPartnerID":["Succeeded"]},"else":{"actions":{"Check_Partner_ID":{"actions":{"Condition_2":{"actions":{},"runAfter":{},"else":{"actions":{"Condition_4":{"actions":{"Apply_to_each":{"foreach":"@body('TrackID')","actions":{"Add_a_row_into_a_table":{"runAfter":{},"metadata":{"012EFUUM4KGYBA6Y7QYNGIG7CSCMMZUNRM":"/Documents/Seeburger & AIRLCL Use Case/AIRLCL Notification Data.xlsx","operationMetadataId":"1cdea836-ef39-45b0-9929-5b51be6ff5fc","tableId":"{AD8DE50A-6753-4BAB-9AD2-DFE78FF50B0A}","012EFUUM6OXCIMANMY3FE3QX2WCATQONWJ":"/Documents/Seeburger & AIRLCL Use Case/NewTest_AIRLCL Notification Data - Copy.xlsx","01WASUEWAIUWUOJGIRVZH2WQBSSGHCE7H6":"/General/AIRLCL/Modified_AIRLCL Notification Data - Copy.xlsx"},"type":"OpenApiConnection","inputs":{"host":{"apiId":"/providers/Microsoft.PowerApps/apis/shared_excelonlinebusiness","connectionName":"shared_excelonlinebusiness_1","operationId":"AddRowV2"},"parameters":{"source":"groups/56fdfaf9-3c88-4f81-bd81-619cf5a44d9e","drive":"b!rvlYkZDnrEeE6AMTMhFQ3Gisan59IApKjGWrbIRcUx3MQv9QYniJQY3Go2rc-XXt","file":"01WASUEWAIUWUOJGIRVZH2WQBSSGHCE7H6","table":"{AD8DE50A-6753-4BAB-9AD2-DFE78FF50B0A}","item/Sno":"@variables('Serial No')","item/Incidents":"@items('Apply_to_each_2')?['number']","item/Resource":"@items('Apply_to_each')['TrackID']","item/Document Name":"@item()['DocumentName']","item/Damco Contact":"@outputs('EmailPartnerID')","item/Error Details":"@outputs('UniqueErrorDetails')","item/Partner ID":"@outputs('Partner_ID')","item/Message Type":"@outputs('Unique_Message_type')","item/Start Processing Time":"@item()['StartProcessingtime']","item/MailSent":"Y","item/Created Date":"@items('Apply_to_each_2')?['sys_created_on']","item/Flow run date":"@convertFromUtc(utcNow(), 'India Standard Time', 'dd-MMM-yyyy hh:mm')"},"authentication":"@parameters('$authentication')"}},"Increment_Serial_Number":{"runAfter":{"Add_a_row_into_a_table_5":["Succeeded"]},"metadata":{"operationMetadataId":"cec48c53-aa65-4704-b4bb-5388f947d6b6"},"type":"IncrementVariable","inputs":{"name":"Serial No","value":1}},"Add_a_row_into_a_table_4":{"runAfter":{"Add_a_row_into_a_table":["Succeeded"]},"metadata":{"01WASUEWFCQC7A5CKRZZEKF6X45SJ327QM":"/General/Bicmapping/EDI Resource Attachment .xlsx","operationMetadataId":"b42121f2-01fd-4214-a325-94a26575c972","tableId":"{5DC0AD71-AE6C-41F6-9AB5-67F2D2F39779}"},"type":"OpenApiConnection","inputs":{"host":{"apiId":"/providers/Microsoft.PowerApps/apis/shared_excelonlinebusiness","connectionName":"shared_excelonlinebusiness","operationId":"AddRowV2"},"parameters":{"source":"groups/56fdfaf9-3c88-4f81-bd81-619cf5a44d9e","drive":"b!rvlYkZDnrEeE6AMTMhFQ3Gisan59IApKjGWrbIRcUx3MQv9QYniJQY3Go2rc-XXt","file":"01WASUEWFCQC7A5CKRZZEKF6X45SJ327QM","table":"{5DC0AD71-AE6C-41F6-9AB5-67F2D2F39779}","item/ID":"@items('Apply_to_each_2')?['number']","item/TrackID":"@item()['TrackID']","item/Mapping Application":"AIRLCL"},"authentication":"@parameters('$authentication')"}},"Add_a_row_into_a_table_5":{"runAfter":{"Add_a_row_into_a_table_4":["Succeeded"]},"metadata":{"01WASUEWFCQC7A5CKRZZEKF6X45SJ327QM":"/General/Bicmapping/EDI Resource Attachment .xlsx","operationMetadataId":"b42121f2-01fd-4214-a325-94a26575c972","tableId":"{D916B113-EBF0-4919-94B8-CCBC188CF0C6}"},"type":"OpenApiConnection","inputs":{"host":{"apiId":"/providers/Microsoft.PowerApps/apis/shared_excelonlinebusiness","connectionName":"shared_excelonlinebusiness","operationId":"AddRowV2"},"parameters":{"source":"groups/56fdfaf9-3c88-4f81-bd81-619cf5a44d9e","drive":"b!rvlYkZDnrEeE6AMTMhFQ3Gisan59IApKjGWrbIRcUx3MQv9QYniJQY3Go2rc-XXt","file":"01WASUEWFCQC7A5CKRZZEKF6X45SJ327QM","table":"{D916B113-EBF0-4919-94B8-CCBC188CF0C6}","item/ID":"@items('Apply_to_each_2')?['number']","item/TrackID":"@item()['TrackID']","item/Mapping Application":"AIRLCL"},"authentication":"@parameters('$authentication')"}}},"runAfter":{},"metadata":{"operationMetadataId":"fc125ee5-9d58-43eb-9f60-0022162be9f1"},"type":"Foreach"}},"runAfter":{},"else":{"actions":{"Apply_to_each_4":{"foreach":"@body('TrackID')","actions":{"Add_a_row_into_a_table_2":{"runAfter":{},"metadata":{"012EFUUM4KGYBA6Y7QYNGIG7CSCMMZUNRM":"/Documents/Seeburger & AIRLCL Use Case/AIRLCL Notification Data.xlsx","operationMetadataId":"1cdea836-ef39-45b0-9929-5b51be6ff5fc","tableId":"{A78A6195-907E-4CD6-892D-12B807CE8A4A}","012EFUUM6OXCIMANMY3FE3QX2WCATQONWJ":"/Documents/Seeburger & AIRLCL Use Case/NewTest_AIRLCL Notification Data - Copy.xlsx","01WASUEWAIUWUOJGIRVZH2WQBSSGHCE7H6":"/General/AIRLCL/Modified_AIRLCL Notification Data - Copy.xlsx"},"type":"OpenApiConnection","inputs":{"host":{"apiId":"/providers/Microsoft.PowerApps/apis/shared_excelonlinebusiness","connectionName":"shared_excelonlinebusiness_1","operationId":"AddRowV2"},"parameters":{"source":"groups/56fdfaf9-3c88-4f81-bd81-619cf5a44d9e","drive":"b!rvlYkZDnrEeE6AMTMhFQ3Gisan59IApKjGWrbIRcUx3MQv9QYniJQY3Go2rc-XXt","file":"01WASUEWAIUWUOJGIRVZH2WQBSSGHCE7H6","table":"{A78A6195-907E-4CD6-892D-12B807CE8A4A}","item/Sno":"@variables('Sr_Failure Sheet')","item/Incidents":"@items('Apply_to_each_2')?['number']","item/Resource":"@item()['TrackID']","item/Document Name":"@item()['DocumentName']","item/Damco Contact":"@outputs('EmailPartnerID')","item/Error Details":"@outputs('UniqueErrorDetails')","item/Partner ID":"@outputs('Partner_ID')","item/Message Type":"@outputs('Unique_Message_type')","item/Start Processing Time":"@item()['StartProcessingtime']","item/Mail Sent to Partner(Y~1N)":"N","item/ Resolved Status":"Not Resolved","item/Created Date":"@items('Apply_to_each_2')?['sys_created_on']","item/Flow run date":"@convertFromUtc(utcNow(), 'India Standard Time', 'dd-MMM-yyyy hh:mm')"},"authentication":"@parameters('$authentication')"}},"Increment_Serial_Number_2":{"runAfter":{"Add_a_row_into_a_table_2":["Succeeded"]},"metadata":{"operationMetadataId":"cec48c53-aa65-4704-b4bb-5388f947d6b6"},"type":"IncrementVariable","inputs":{"name":"Sr_Failure Sheet","value":1}}},"runAfter":{},"metadata":{"operationMetadataId":"8d47ed83-719c-4ca0-bf3c-e5faeddad6b4"},"type":"Foreach"}}},"expression":{"not":{"equals":["@outputs('UniqueErrorDetails')","NOT_SET"]}},"metadata":{"operationMetadataId":"41c677ed-e8d2-4e89-9189-ec6d396bf2f6"},"type":"If"}}},"expression":{"equals":["@empty(body('Select_data_for_sending_mail'))","@true"]},"metadata":{"operationMetadataId":"f3c57f30-a0d7-4464-8b82-c76810534eed"},"type":"If"}},"runAfter":{},"expression":{"or":[{"equals":["@outputs('Partner_ID')","@outputs('Get_a_row')?['body/Partner ID']"]},{"contains":["@outputs('Partner_ID')","@outputs('Get_a_row')?['body/Partner ID']"]},{"startsWith":["@outputs('Partner_ID')","@outputs('Get_a_row')?['body/Partner ID']"]}]},"metadata":{"operationMetadataId":"7d2fd5ec-9e31-4e56-b55a-1d76347ac11f"},"type":"If"}}},"expression":{"equals":["@empty(outputs('EmailPartnerID'))","@true"]},"metadata":{"operationMetadataId":"abcb11eb-c5e8-4ab1-8dd2-963bfd2e91a7"},"type":"If"},"Unique_TrackID":{"runAfter":{"TrackID":["Succeeded"]},"metadata":{"operationMetadataId":"c332e0e6-0fcf-4ea6-9ec6-5a9049be4bd9"},"type":"Compose","inputs":"@trim(join(union(body('TrackID'),body('TrackID')),''))"},"Output_Unique_Document_Name":{"runAfter":{"Unique_Document_Name":["Succeeded"]},"metadata":{"operationMetadataId":"1fcb4830-69f7-469a-a533-3687ab72d1b1"},"type":"Compose","inputs":"@join(union(body('Unique_Document_Name'),body('Unique_Document_Name')),'')"}},"runAfter":{"Partner_ID_2":["Succeeded"]},"expression":{"contains":["@outputs('Unique_Message_type')","AIRLCL"]},"metadata":{"operationMetadataId":"eb2ed8b1-7c56-4941-b02d-06d6880e823b"},"type":"If"},"Partner_ID_2":{"runAfter":{"Unique_Message_type":["Succeeded"]},"metadata":{"operationMetadataId":"50a7eec6-50ae-472c-a994-ee7cbecb4e7e"},"type":"Compose","inputs":"@trim(split(split(outputs('Work_Notes'), 'PartnerID = ')[1], variables('Enter'))[0])"}},"runAfter":{"Initialize_variable":["Succeeded"]},"metadata":{"operationMetadataId":"43ff8ca5-75df-405a-bb15-8e559de14989"},"type":"Foreach"},"Styling":{"runAfter":{"List_rows_present_in_PartnerID_":["Succeeded"]},"metadata":{"operationMetadataId":"5720f545-c498-4244-832f-bbddafd50401"},"type":"Compose","inputs":"<style>\ntable {\n  border: 1px solid \"black\";\n  background-color: \"white\";\n  width: 100%;\n  text-align: left;\n  border-collapse: collapse;\n}\ntable td, table th {\n  border: 1px solid #000000;\n  padding: 3px 2px;\n}\ntable tbody td {\n  font-size: 13px;\n}\ntable thead {\n  background: \"black\";\n  border-bottom: 2px solid #000000;\n}\ntable thead th {\n  font-size: 15px;\n  font-weight: bold;\n  color: black;\n  border-left: 2px solid #000000;\n}\ntable thead th:first-child {\n  border-left: none;\n}\n</style>"},"Initialize_variable":{"runAfter":{"ENTER_":["Succeeded"]},"metadata":{"operationMetadataId":"97a335bd-6130-4bcc-8cac-2d18b6777a5b"},"type":"InitializeVariable","inputs":{"variables":[{"name":"Double_enter","type":"string","value":"\n\n"}]}},"List_rows_present_in_PartnerID_":{"runAfter":{"Serial_Number_2":["Succeeded","Failed"]},"metadata":{"012EFUUM6PPXG52UT2LJC2V6CY3CJHHXBB":"/Documents/Seeburger Use Case/em_alert_seeburger.xlsx","operationMetadataId":"cc0ff5b8-0e68-4704-b0c9-ece135dcb8a6","tableId":"{794561C9-441B-47E9-BA15-6C38885C99E0}","012EFUUM2RPHBFBBZSLNEYRHF2QROVNIRT":"/Documents/Seeburger Use Case/AIRLCL_Events_copy.xlsx","012EFUUM52CA7YVIROXJFLTDX3NNJZGFOG":"/Documents/Seeburger Use Case/EDI Partner ID.xlsx","012EFUUM7WEPXNEZD3JFE2SDLFJIZNSWK6":"/Documents/Seeburger Use Case/Seeburger L&S Bicmapping Contacts.xlsx"},"type":"OpenApiConnection","inputs":{"host":{"apiId":"/providers/Microsoft.PowerApps/apis/shared_excelonlinebusiness","connectionName":"shared_excelonlinebusiness","operationId":"GetItems"},"parameters":{"source":"https://teamsite.maerskgroup.com/teams/BEPIntegration","drive":"b!cC5zM7SnG0yW06f2TU8j13UTzg2FzrFAk1flB7GIvt81ySZ7or9ASqZgBFnrwNfk","file":"General/Others/Seeburger L&S Bicmapping Contacts.xlsx","table":"{794561C9-441B-47E9-BA15-6C38885C99E0}"},"authentication":"@parameters('$authentication')"},"runtimeConfiguration":{"paginationPolicy":{"minimumItemCount":10000}}},"List_rows_present_in_a_table_3":{"runAfter":{"List_Records":["Succeeded"]},"metadata":{"012EFUUM6OXCIMANMY3FE3QX2WCATQONWJ":"/Documents/Seeburger & AIRLCL Use Case/NewTest_AIRLCL Notification Data - Copy.xlsx","operationMetadataId":"4cbe95fa-96e7-4ab8-8457-88bf9bc5f760","tableId":"{AD8DE50A-6753-4BAB-9AD2-DFE78FF50B0A}","01WASUEWAIUWUOJGIRVZH2WQBSSGHCE7H6":"/General/AIRLCL/Modified_AIRLCL Notification Data - Copy.xlsx"},"type":"OpenApiConnection","inputs":{"host":{"apiId":"/providers/Microsoft.PowerApps/apis/shared_excelonlinebusiness","connectionName":"shared_excelonlinebusiness","operationId":"GetItems"},"parameters":{"source":"groups/56fdfaf9-3c88-4f81-bd81-619cf5a44d9e","drive":"b!rvlYkZDnrEeE6AMTMhFQ3Gisan59IApKjGWrbIRcUx3MQv9QYniJQY3Go2rc-XXt","file":"01WASUEWAIUWUOJGIRVZH2WQBSSGHCE7H6","table":"{AD8DE50A-6753-4BAB-9AD2-DFE78FF50B0A}"},"authentication":"@parameters('$authentication')"}},"Get_Last_Serial_Number":{"runAfter":{"List_rows_present_in_a_table_3":["Succeeded"]},"metadata":{"operationMetadataId":"3b6e6f3a-071f-40ce-883e-b79dddb6a433"},"type":"Compose","inputs":"@int(last(outputs('List_rows_present_in_a_table_3')?['body/value'])?['Sno'])"},"Serial_Number":{"runAfter":{"Get_Last_Serial_Number":["Succeeded","Failed"]},"metadata":{"operationMetadataId":"0bafa34c-64eb-410d-a358-b65e04f2d886"},"type":"InitializeVariable","inputs":{"variables":[{"name":"Serial No","type":"integer","value":"@add(outputs('Get_Last_Serial_Number'), 1)"}]}},"List_rows_present_in_Failure_Sheet":{"runAfter":{"Serial_Number":["Succeeded"]},"metadata":{"012EFUUM6OXCIMANMY3FE3QX2WCATQONWJ":"/Documents/Seeburger & AIRLCL Use Case/NewTest_AIRLCL Notification Data - Copy.xlsx","operationMetadataId":"4cbe95fa-96e7-4ab8-8457-88bf9bc5f760","tableId":"{A78A6195-907E-4CD6-892D-12B807CE8A4A}","01WASUEWAIUWUOJGIRVZH2WQBSSGHCE7H6":"/General/AIRLCL/Modified_AIRLCL Notification Data - Copy.xlsx"},"type":"OpenApiConnection","inputs":{"host":{"apiId":"/providers/Microsoft.PowerApps/apis/shared_excelonlinebusiness","connectionName":"shared_excelonlinebusiness","operationId":"GetItems"},"parameters":{"source":"groups/56fdfaf9-3c88-4f81-bd81-619cf5a44d9e","drive":"b!rvlYkZDnrEeE6AMTMhFQ3Gisan59IApKjGWrbIRcUx3MQv9QYniJQY3Go2rc-XXt","file":"01WASUEWAIUWUOJGIRVZH2WQBSSGHCE7H6","table":"{A78A6195-907E-4CD6-892D-12B807CE8A4A}"},"authentication":"@parameters('$authentication')"}},"Get_Last_Serial_Number_Failure_Sheet":{"runAfter":{"List_rows_present_in_Failure_Sheet":["Succeeded"]},"metadata":{"operationMetadataId":"3b6e6f3a-071f-40ce-883e-b79dddb6a433"},"type":"Compose","inputs":"@int(last(outputs('List_rows_present_in_Failure_Sheet')?['body/value'])?['Sno'])"},"Serial_Number_2":{"runAfter":{"Get_Last_Serial_Number_Failure_Sheet":["Succeeded","Failed"]},"metadata":{"operationMetadataId":"0bafa34c-64eb-410d-a358-b65e04f2d886"},"type":"InitializeVariable","inputs":{"variables":[{"name":"Sr_Failure Sheet","type":"integer","value":"@add(outputs('Get_Last_Serial_Number_Failure_Sheet'),1)"}]}},"Terminate":{"runAfter":{"Apply_to_each_2":["Succeeded"]},"metadata":{"operationMetadataId":"a259d16c-b95b-40d5-82b7-01d518a9f288"},"type":"Terminate","inputs":{"runStatus":"Succeeded"}},"List_rows_present_in_a_table":{"runAfter":{},"metadata":{"01WASUEWFCQC7A5CKRZZEKF6X45SJ327QM":"/General/Bicmapping/EDI Resource Attachment .xlsx","operationMetadataId":"0825cd05-6a11-45ad-aa86-30a937439976","tableId":"{5DC0AD71-AE6C-41F6-9AB5-67F2D2F39779}"},"type":"OpenApiConnection","inputs":{"host":{"apiId":"/providers/Microsoft.PowerApps/apis/shared_excelonlinebusiness","connectionName":"shared_excelonlinebusiness","operationId":"GetItems"},"parameters":{"source":"groups/56fdfaf9-3c88-4f81-bd81-619cf5a44d9e","drive":"b!rvlYkZDnrEeE6AMTMhFQ3Gisan59IApKjGWrbIRcUx3MQv9QYniJQY3Go2rc-XXt","file":"01WASUEWFCQC7A5CKRZZEKF6X45SJ327QM","table":"{D916B113-EBF0-4919-94B8-CCBC188CF0C6}"},"authentication":"@parameters('$authentication')"}},"Apply_to_each_3":{"foreach":"@outputs('List_rows_present_in_a_table')?['body/value']","actions":{"Delete_a_row":{"runAfter":{},"metadata":{"01WASUEWFCQC7A5CKRZZEKF6X45SJ327QM":"/General/Bicmapping/EDI Resource Attachment .xlsx","operationMetadataId":"d66072bc-8d70-41cb-9c3a-6086f79b664b","tableId":"{5DC0AD71-AE6C-41F6-9AB5-67F2D2F39779}"},"type":"OpenApiConnection","inputs":{"host":{"apiId":"/providers/Microsoft.PowerApps/apis/shared_excelonlinebusiness","connectionName":"shared_excelonlinebusiness","operationId":"DeleteItem"},"parameters":{"source":"groups/56fdfaf9-3c88-4f81-bd81-619cf5a44d9e","drive":"b!rvlYkZDnrEeE6AMTMhFQ3Gisan59IApKjGWrbIRcUx3MQv9QYniJQY3Go2rc-XXt","file":"01WASUEWFCQC7A5CKRZZEKF6X45SJ327QM","table":"{D916B113-EBF0-4919-94B8-CCBC188CF0C6}","idColumn":"TrackID","id":"@items('Apply_to_each_3')?['TrackID']"},"authentication":"@parameters('$authentication')"}}},"runAfter":{"List_rows_present_in_a_table":["Succeeded"]},"metadata":{"operationMetadataId":"330bc3ca-6436-468b-a2c4-3779c7927017"},"type":"Foreach"}},"outputs":{}},"connectionReferences":{"shared_service-now_1":{"connectionName":"shared-service-now-997dbb9a-cd99-4b91-83ce-8795d5703bf1","source":"Embedded","id":"/providers/Microsoft.PowerApps/apis/shared_service-now","tier":"NotSpecified"},"shared_excelonlinebusiness":{"connectionName":"shared-excelonlinebu-26a9fe66-8544-4751-9f29-ccd101683ca9","source":"Embedded","id":"/providers/Microsoft.PowerApps/apis/shared_excelonlinebusiness","tier":"NotSpecified"},"shared_excelonlinebusiness_1":{"connectionName":"shared-excelonlinebu-f36c77d7-2fca-4ec1-84b9-c98836e81dd3","source":"Embedded","id":"/providers/Microsoft.PowerApps/apis/shared_excelonlinebusiness","tier":"NotSpecified"}},"flowFailureAlertSubscribed":false,"isManaged":false}}