{"name":"ea5b1c0e-74da-422e-9e58-b8d644134075","id":"/providers/Microsoft.Flow/flows/ea5b1c0e-74da-422e-9e58-b8d644134075","type":"Microsoft.Flow/flows","properties":{"apiId":"/providers/Microsoft.PowerApps/apis/shared_logicflows","displayName":"ASCII Character Replacement","definition":{"metadata":{"workflowEntityId":null,"processAdvisorMetadata":null,"flowChargedByPaygo":null,"flowclientsuspensionreason":"None","flowclientsuspensiontime":null,"flowclientsuspensionreasondetails":null,"creator":{"id":"e8104115-8f81-4120-a9e6-8e32c54151d1","type":"User","tenantId":"05d75c05-fa1a-42e7-9cf1-eb416c396f2d"},"provisioningMethod":"FromDefinition","failureAlertSubscription":true,"clientLastModifiedTime":"2024-09-16T14:13:43.5029861Z","connectionKeySavedTimeKey":"2024-09-16T14:13:43.5029861Z"},"$schema":"https://schema.management.azure.com/providers/Microsoft.Logic/schemas/2016-06-01/workflowdefinition.json#","contentVersion":"1.0.0.0","parameters":{"$connections":{"defaultValue":{},"type":"Object"},"$authentication":{"defaultValue":{},"type":"SecureObject"}},"triggers":{"manual":{"metadata":{"operationMetadataId":"03a4e163-af49-4663-9d34-ea696fec1c0e"},"type":"Request","kind":"Button","inputs":{"schema":{"type":"object","properties":{},"required":[]}}}},"actions":{"List_Records":{"runAfter":{},"metadata":{"operationMetadataId":"3d95cb09-c4e5-45ec-991e-b928acccea56"},"type":"OpenApiConnection","inputs":{"host":{"apiId":"/providers/Microsoft.PowerApps/apis/shared_service-now","connectionName":"shared_service-now_1","operationId":"GetRecords"},"parameters":{"tableType":"incident","sysparm_display_value":true,"sysparm_exclude_reference_link":true,"sysparm_query":"state=1^assignment_group=6b0a1c244fc1fa405f1db7718110c7c4^caller_id=f6ab45bddb0dba0060d3f1eabf961982^descriptionLIKEinvalid character"},"authentication":{"value":"@json(decodeBase64(triggerOutputs().headers['X-MS-APIM-Tokens']))['$ConnectionKey']","type":"Raw"}}},"Apply_to_each":{"foreach":"@outputs('List_Records')?['body/result']","actions":{"Compose_35":{"runAfter":{},"metadata":{"operationMetadataId":"3b6e6f3a-071f-40ce-883e-b79dddb6a433"},"type":"Compose","inputs":"@add(outputs('Compose_33'), 1)"},"Increment_variable_3":{"runAfter":{"Add_a_row_into_a_table":["Succeeded"]},"metadata":{"operationMetadataId":"cec48c53-aa65-4704-b4bb-5388f947d6b6"},"type":"IncrementVariable","inputs":{"name":"Serial No","value":1}},"Add_a_row_into_a_table":{"runAfter":{"Compose_35":["Succeeded"]},"metadata":{"012EFUUMZJOOYKBHW2M5EKTUHZS7ZKF6CA":"/Documents/ASCII Characters Replacement/ASCII Character Replacement data.xlsx","operationMetadataId":"ddabf369-27be-4b8b-a3ef-c6f636c9f8fe","tableId":"{59EAB434-4579-4E5A-A0AC-BE752FC46197}"},"type":"OpenApiConnection","inputs":{"host":{"apiId":"/providers/Microsoft.PowerApps/apis/shared_excelonlinebusiness","connectionName":"shared_excelonlinebusiness","operationId":"AddRowV2"},"parameters":{"source":"me","drive":"b!zJpPG1MWTkitjHF3FSsfyDyDU35n03hPiKzoDYbuKu9El3fsQfisR7qi3fmPtG4r","file":"012EFUUMZJOOYKBHW2M5EKTUHZS7ZKF6CA","table":"{59EAB434-4579-4E5A-A0AC-BE752FC46197}","item/SR No":"@variables('Serial No')","item/Incident":"@items('Apply_to_each')?['number']","item/Short Description":"@items('Apply_to_each')?['short_description']","item/System ID":"@items('Apply_to_each')?['sys_id']","item/Flow run date":"@convertFromUtc(utcNow(),'India Standard Time','dd-MMM-yyyy hh:mm')"},"authentication":{"value":"@json(decodeBase64(triggerOutputs().headers['X-MS-APIM-Tokens']))['$ConnectionKey']","type":"Raw"}}}},"runAfter":{"Serial_Number":["Succeeded"]},"metadata":{"operationMetadataId":"1f0270ac-388d-45cc-9138-9589744b8d3d"},"type":"Foreach"},"List_rows_present_in_a_table":{"runAfter":{"List_Records":["Succeeded"]},"metadata":{"012EFUUM2XCLTHSG25XRF2LSZKE5K5A3HJ":"/Documents/Seeburger Use Case/Seeburger Events.xlsx","operationMetadataId":"49b2ebbf-5e03-4cbf-97b2-a01f38a53bad","tableId":"{59EAB434-4579-4E5A-A0AC-BE752FC46197}","012EFUUM3RC2ABBFBISZALOWOMWM4DQICR":"/Documents/Seeburger Use Case/Seeburger Data_For Auto Closure.xlsx","012EFUUMZJOOYKBHW2M5EKTUHZS7ZKF6CA":"/Documents/ASCII Characters Replacement/ASCII Character Replacement data.xlsx"},"type":"OpenApiConnection","inputs":{"host":{"apiId":"/providers/Microsoft.PowerApps/apis/shared_excelonlinebusiness","connectionName":"shared_excelonlinebusiness","operationId":"GetItems"},"parameters":{"source":"me","drive":"b!zJpPG1MWTkitjHF3FSsfyDyDU35n03hPiKzoDYbuKu9El3fsQfisR7qi3fmPtG4r","file":"012EFUUMZJOOYKBHW2M5EKTUHZS7ZKF6CA","table":"{59EAB434-4579-4E5A-A0AC-BE752FC46197}"},"authentication":{"value":"@json(decodeBase64(triggerOutputs().headers['X-MS-APIM-Tokens']))['$ConnectionKey']","type":"Raw"}},"runtimeConfiguration":{"paginationPolicy":{"minimumItemCount":5000}}},"Compose_33":{"runAfter":{"List_rows_present_in_a_table":["Succeeded"]},"metadata":{"operationMetadataId":"3b6e6f3a-071f-40ce-883e-b79dddb6a433"},"type":"Compose","inputs":"@int(last(outputs('List_rows_present_in_a_table')?['body/value'])?['SR No'])"},"Serial_Number":{"runAfter":{"Compose_33":["Succeeded"]},"metadata":{"operationMetadataId":"0bafa34c-64eb-410d-a358-b65e04f2d886"},"type":"InitializeVariable","inputs":{"variables":[{"name":"Serial No","type":"integer","value":"@add(outputs('Compose_33'), 1)"}]}},"Terminate":{"runAfter":{"Apply_to_each":["Succeeded"]},"metadata":{"operationMetadataId":"0ccafedf-6cc5-4756-9d01-e67e7a00c9be"},"type":"Terminate","inputs":{"runStatus":"Succeeded"}}}},"connectionReferences":{"shared_service-now_1":{"connectionName":"shared-service-now-997dbb9a-cd99-4b91-83ce-8795d5703bf1","source":"Invoker","id":"/providers/Microsoft.PowerApps/apis/shared_service-now","tier":"NotSpecified"},"shared_excelonlinebusiness":{"connectionName":"shared-excelonlinebu-26a9fe66-8544-4751-9f29-ccd101683ca9","source":"Invoker","id":"/providers/Microsoft.PowerApps/apis/shared_excelonlinebusiness","tier":"NotSpecified"}},"flowFailureAlertSubscribed":false,"isManaged":false}}