{"name":"2fe58e1b-5e67-4fca-b93b-fac8f4098f2a","id":"/providers/Microsoft.Flow/flows/2fe58e1b-5e67-4fca-b93b-fac8f4098f2a","type":"Microsoft.Flow/flows","properties":{"apiId":"/providers/Microsoft.PowerApps/apis/shared_logicflows","displayName":"EDI Mail Attachment","definition":{"metadata":{"workflowEntityId":null,"processAdvisorMetadata":null,"flowChargedByPaygo":null,"flowclientsuspensionreason":"None","flowclientsuspensiontime":null,"flowclientsuspensionreasondetails":null,"creator":{"id":"6229caa9-7645-4859-a155-d23671951d42","type":"User","tenantId":"05d75c05-fa1a-42e7-9cf1-eb416c396f2d"},"provisioningMethod":"FromDefinition","failureAlertSubscription":true,"clientLastModifiedTime":"2024-09-28T16:33:47.6451543Z","connectionKeySavedTimeKey":"2024-09-28T16:33:47.6451543Z"},"$schema":"https://schema.management.azure.com/providers/Microsoft.Logic/schemas/2016-06-01/workflowdefinition.json#","contentVersion":"1.0.0.0","parameters":{"$connections":{"defaultValue":{},"type":"Object"},"$authentication":{"defaultValue":{},"type":"SecureObject"}},"triggers":{"Recurrence":{"recurrence":{"frequency":"Day","interval":1,"timeZone":"India Standard Time","schedule":{"hours":["10","22"],"minutes":[32]}},"metadata":{"operationMetadataId":"519f1a42-3555-4728-b0d4-b5566c1d58a1"},"type":"Recurrence"}},"actions":{"Initialize_variable":{"runAfter":{},"metadata":{"operationMetadataId":"aef1b2ee-2c4b-4e5b-baf2-6b0eccbc0f44"},"type":"InitializeVariable","inputs":{"variables":[{"name":"Attachment","type":"array"}]}},"List_rows_present_in_a_table":{"runAfter":{"Initialize_variable_2":["Succeeded"]},"metadata":{"01WASUEWH3AGP6E76AHZDKSNZRIRPGARZQ":"/General/Bicmapping/Bicmapping.xlsx","operationMetadataId":"0b35d335-8b69-4574-b60d-39eefa45a7b9","tableId":"{C7BB1AA5-35C5-4347-8C3D-84689D1AADE4}"},"type":"OpenApiConnection","inputs":{"host":{"apiId":"/providers/Microsoft.PowerApps/apis/shared_excelonlinebusiness","connectionName":"shared_excelonlinebusiness","operationId":"GetItems"},"parameters":{"source":"groups/56fdfaf9-3c88-4f81-bd81-619cf5a44d9e","drive":"b!rvlYkZDnrEeE6AMTMhFQ3Gisan59IApKjGWrbIRcUx3MQv9QYniJQY3Go2rc-XXt","file":"01WASUEWH3AGP6E76AHZDKSNZRIRPGARZQ","table":"{C7BB1AA5-35C5-4347-8C3D-84689D1AADE4}","$filter":"EmailSent eq 'N'","dateTimeFormat":"ISO 8601"},"authentication":"@parameters('$authentication')"},"runtimeConfiguration":{"paginationPolicy":{"minimumItemCount":15000}}},"Select":{"runAfter":{"List_rows_present_in_a_table":["Succeeded"]},"metadata":{"operationMetadataId":"385e8676-dd59-4a01-a236-bd5078b73ab4"},"type":"Select","inputs":{"from":"@outputs('List_rows_present_in_a_table')?['body/value']","select":"@item()?['ID']"}},"Apply_to_each":{"foreach":"@outputs('Compose_2')","actions":{"Set_variable_2":{"runAfter":{"Condition":["Succeeded","Failed","Skipped"]},"metadata":{"operationMetadataId":"dd1f0d79-6e08-4e42-a999-aeddcd033e75"},"type":"SetVariable","inputs":{"name":"Attachment","value":"@variables('EmptyVariable')"}},"Get_a_row":{"runAfter":{},"metadata":{"01WASUEWH3AGP6E76AHZDKSNZRIRPGARZQ":"/General/Bicmapping/Bicmapping.xlsx","operationMetadataId":"38ec7bb7-0829-464a-b316-99450ceaae21","tableId":"{C7BB1AA5-35C5-4347-8C3D-84689D1AADE4}"},"type":"OpenApiConnection","inputs":{"host":{"apiId":"/providers/Microsoft.PowerApps/apis/shared_excelonlinebusiness","connectionName":"shared_excelonlinebusiness","operationId":"GetItem"},"parameters":{"source":"groups/56fdfaf9-3c88-4f81-bd81-619cf5a44d9e","drive":"b!rvlYkZDnrEeE6AMTMhFQ3Gisan59IApKjGWrbIRcUx3MQv9QYniJQY3Go2rc-XXt","file":"01WASUEWH3AGP6E76AHZDKSNZRIRPGARZQ","table":"{C7BB1AA5-35C5-4347-8C3D-84689D1AADE4}","idColumn":"ID","id":"@items('Apply_to_each')"},"authentication":"@parameters('$authentication')"}},"Filter_array":{"runAfter":{"Get_a_row":["Succeeded"]},"metadata":{"operationMetadataId":"927c67be-604e-487e-833c-c8b05b0d0aa1"},"type":"Query","inputs":{"from":"@outputs('List_rows_present_in_a_table')?['body/value']","where":"@equals(item()?['ID'], items('Apply_to_each'))"}},"Condition":{"actions":{"Create_HTML_table_2":{"runAfter":{},"metadata":{"operationMetadataId":"01fdab24-09dd-430b-81b1-25d26328c86f"},"type":"Table","inputs":{"from":"@body('Filter_array')","format":"HTML","columns":[{"header":"Incident","value":"@items('Apply_to_each')"},{"header":"MessageType","value":"@item()?['Message Key']"},{"header":"DocumentName","value":"@item()?['Document Name']"},{"header":"ProcessingTime","value":"@formatDateTime(item()?['​StartProcessingTime'],'dd-MM-yyyy hh:mm:ss')"},{"header":"TrackID","value":"@{item()?['']}@{item()?['TrackID']}"}]}},"Send_an_email_(V2)_5":{"runAfter":{"Create_HTML_table_2":["Succeeded"]},"metadata":{"operationMetadataId":"e6e45eb4-b6a8-4c22-bde6-1dc4933f5d79"},"type":"OpenApiConnection","inputs":{"host":{"apiId":"/providers/Microsoft.PowerApps/apis/shared_office365","connectionName":"shared_office365","operationId":"SendEmailV2"},"parameters":{"emailMessage/To":"lakshay.jain@maersk.com","emailMessage/Subject":"@{outputs('Get_a_row')?['body/ID']}| (@{outputs('Get_a_row')?['body/Partner ID']}  - @{outputs('Get_a_row')?['body/Message Key']} )Failed to process\n","emailMessage/Body":"<p>Dear Partner,<br>\n<br>\n@{outputs('Get_a_row')?['body/Message Key']} Failed to process due to below error. Appreciate to amend and resend.<br>\n<br>\nError Details:<br>\n@{outputs('Get_a_row')?['body/Error']}<br>\n<br>\nDocument Name/s:<br>\n@{body('Create_HTML_table_2')}@{outputs('Styling')}<br>\n<br>\nIf there is any query regarding this matter, please send an e-mail to eBIS_Support@maersk.com .<br>\n<br>\nBest Regards,<br>\nMaersk eBIS Support</p>","emailMessage/Attachments":"@variables('Attachment')","emailMessage/Importance":"Normal"},"authentication":"@parameters('$authentication')"}},"Send_an_email_(V2)":{"runAfter":{"Send_an_email_(V2)_5":["Succeeded"]},"metadata":{"operationMetadataId":"e6e45eb4-b6a8-4c22-bde6-1dc4933f5d79"},"type":"OpenApiConnection","inputs":{"host":{"apiId":"/providers/Microsoft.PowerApps/apis/shared_office365","connectionName":"shared_office365_2","operationId":"SendEmailV2"},"parameters":{"emailMessage/To":"@outputs('Get_a_row')?['body/Tech~1Damco Contact']","emailMessage/Subject":"@{outputs('Get_a_row')?['body/ID']}| (@{outputs('Get_a_row')?['body/Partner ID']}  - @{outputs('Get_a_row')?['body/Message Key']} )Failed to process\n","emailMessage/Body":"<p>Dear Partner,<br>\n<br>\n@{outputs('Get_a_row')?['body/Message Key']} Failed to process due to below error. Appreciate to amend and resend.<br>\n<br>\nError Details:<br>\n@{outputs('Get_a_row')?['body/Error']}<br>\n<br>\nDocument Name/s:<br>\n@{body('Create_HTML_table_2')}@{outputs('Styling')}<br>\n<br>\nIf there is any query regarding this matter, please send an e-mail to eBIS_Support@maersk.com .<br>\n<br>\nBest Regards,<br>\nMaersk eBIS Support</p>","emailMessage/From":"eBIS_Support@maersk.com","emailMessage/Cc":"eBIS_Support@maersk.com;maersk@service-now.com;XDEDINAPSPSTeam@maersk.com","emailMessage/Attachments":"@variables('Attachment')","emailMessage/Importance":"Normal"},"authentication":"@parameters('$authentication')"}},"List_rows_present_in_a_table_2":{"runAfter":{"Apply_to_each_3":["Succeeded"]},"metadata":{"01WASUEWH3AGP6E76AHZDKSNZRIRPGARZQ":"/General/Bicmapping/Bicmapping.xlsx","operationMetadataId":"0b35d335-8b69-4574-b60d-39eefa45a7b9","tableId":"{C7BB1AA5-35C5-4347-8C3D-84689D1AADE4}"},"type":"OpenApiConnection","inputs":{"host":{"apiId":"/providers/Microsoft.PowerApps/apis/shared_excelonlinebusiness","connectionName":"shared_excelonlinebusiness","operationId":"GetItems"},"parameters":{"source":"groups/56fdfaf9-3c88-4f81-bd81-619cf5a44d9e","drive":"b!rvlYkZDnrEeE6AMTMhFQ3Gisan59IApKjGWrbIRcUx3MQv9QYniJQY3Go2rc-XXt","file":"01WASUEWH3AGP6E76AHZDKSNZRIRPGARZQ","table":"{C7BB1AA5-35C5-4347-8C3D-84689D1AADE4}","$filter":"ID eq '@{items('Apply_to_each')}'","dateTimeFormat":"ISO 8601"},"authentication":"@parameters('$authentication')"},"runtimeConfiguration":{"paginationPolicy":{"minimumItemCount":10000}}},"Apply_to_each_5":{"foreach":"@outputs('List_rows_present_in_a_table_2')?['body/value']","actions":{"Update_a_row":{"runAfter":{},"metadata":{"01WASUEWH3AGP6E76AHZDKSNZRIRPGARZQ":"/General/Bicmapping/Bicmapping.xlsx","operationMetadataId":"b1e46cd7-fc64-45e6-a959-ceeea590bc5a","tableId":"{C7BB1AA5-35C5-4347-8C3D-84689D1AADE4}"},"type":"OpenApiConnection","inputs":{"host":{"apiId":"/providers/Microsoft.PowerApps/apis/shared_excelonlinebusiness","connectionName":"shared_excelonlinebusiness_1","operationId":"PatchItem"},"parameters":{"source":"groups/56fdfaf9-3c88-4f81-bd81-619cf5a44d9e","drive":"b!rvlYkZDnrEeE6AMTMhFQ3Gisan59IApKjGWrbIRcUx3MQv9QYniJQY3Go2rc-XXt","file":"01WASUEWH3AGP6E76AHZDKSNZRIRPGARZQ","table":"{C7BB1AA5-35C5-4347-8C3D-84689D1AADE4}","idColumn":"TrackID","id":"@items('Apply_to_each_5')?['TrackID']","item/EmailSent":"Y","item/Flow Run Date":"@convertFromUtc(utcNow(),'India Standard Time','dd-MM-yyyy hh:mm')"},"authentication":"@parameters('$authentication')"}}},"runAfter":{"List_rows_present_in_a_table_2":["Succeeded"]},"metadata":{"operationMetadataId":"1d6d8c33-06bc-48a5-809d-aea1e81b88cf"},"type":"Foreach"},"List_Records_2":{"runAfter":{"Send_an_email_(V2)":["Succeeded"]},"metadata":{"operationMetadataId":"fe8832ab-6c7e-4e0a-9be8-747c7c05ffd2"},"type":"OpenApiConnection","inputs":{"host":{"apiId":"/providers/Microsoft.PowerApps/apis/shared_service-now","connectionName":"shared_service-now_1","operationId":"GetRecords"},"parameters":{"tableType":"incident","sysparm_display_value":false,"sysparm_exclude_reference_link":true,"sysparm_query":"number=@{items('Apply_to_each')}"},"authentication":"@parameters('$authentication')"}},"Apply_to_each_3":{"foreach":"@outputs('List_Records_2')?['body/result']","actions":{"HTTP_2":{"runAfter":{},"metadata":{"operationMetadataId":"b11f1041-bfa9-44fa-88fb-13e1efa5c2f9"},"type":"Http","inputs":{"method":"PATCH","uri":"https://maersk.service-now.com/api/now/v1/table/incident/@{items('Apply_to_each_3')?['sys_id']}?sysparm_exclude_ref_link=true","headers":{"Accept":"application/json","Content-Type":"application/json;charset = UTF-8","Server":"ServiceNow","X-is-logged-in":"true"},"queries":{"number":"@items('Apply_to_each_3')?['number']","incident.state":"6","incident.close_code":"Solved (Automation)","incident.assigned_to":"2366ee591b466d10358ded38b04bcb4f"},"body":{"comments":"@{outputs('Get_a_row')?['body/Partner ID']} ~@{outputs('Get_a_row')?['body/Message Key']} , Error Details:@{outputs('Get_a_row')?['body/Error']} Action: Partner Notified","state":"6","assigned_to":"Tech Support","close_code":"Solved (Automation)","close_notes":"Closure of the ticket from Automation,Notification has been sent to partner Email, with required details"},"authentication":{"type":"Basic","username":"Tech_Support","password":":hT}@_whX@s8Jhn$j6NXtr)^Q!{ePJ,;QvdV]1S6"}}}},"runAfter":{"List_Records_2":["Succeeded"]},"metadata":{"operationMetadataId":"092ed6b9-b681-4ad9-9220-636b7486f5a8"},"type":"Foreach"}},"runAfter":{"Apply_to_each_4":["Succeeded"]},"else":{"actions":{"Create_HTML_table":{"runAfter":{},"metadata":{"operationMetadataId":"01fdab24-09dd-430b-81b1-25d26328c86f"},"type":"Table","inputs":{"from":"@body('Filter_array')","format":"HTML","columns":[{"header":"DocumentName","value":"@item()?['Document Name']"},{"header":"ProcessingTime","value":"@formatDateTime(item()?['​StartProcessingTime'],'dd-MM-yyyy hh:mm:ss')"}]}},"Condition_3":{"actions":{"Send_an_email_(V2)_6":{"runAfter":{},"metadata":{"operationMetadataId":"e6e45eb4-b6a8-4c22-bde6-1dc4933f5d79"},"type":"OpenApiConnection","inputs":{"host":{"apiId":"/providers/Microsoft.PowerApps/apis/shared_office365","connectionName":"shared_office365_1","operationId":"SendEmailV2"},"parameters":{"emailMessage/To":"mann.sethi@maersk.com;lakshay.jain@maersk.com","emailMessage/Subject":"@{outputs('Get_a_row')?['body/ID']}| (@{outputs('Get_a_row')?['body/Partner ID']}  - @{outputs('Get_a_row')?['body/Message Key']} )Failed to process\n","emailMessage/Body":"<p>Dear Partner,<br>\n<br>\n@{outputs('Get_a_row')?['body/Message Key']} Failed to process due to below error. Appreciate to amend and resend.<br>\n<br>\nError Details:<br>\n@{outputs('Get_a_row')?['body/Error']}<br>\n<br>\nDocument Name/s:<br>\n@{body('Create_HTML_table')}@{outputs('Styling')}<br>\n<br>\nIf there is any query regarding this matter, please send an e-mail to eBIS_Support@maersk.com .<br>\n<br>\nBest Regards,<br>\nMaersk eBIS Support</p>","emailMessage/Attachments":"@variables('Attachment')","emailMessage/Importance":"Normal"},"authentication":"@parameters('$authentication')"}},"Send_an_email_(V2)_2":{"runAfter":{"Send_an_email_(V2)_6":["Succeeded"]},"metadata":{"operationMetadataId":"e6e45eb4-b6a8-4c22-bde6-1dc4933f5d79"},"type":"OpenApiConnection","inputs":{"host":{"apiId":"/providers/Microsoft.PowerApps/apis/shared_office365","connectionName":"shared_office365_2","operationId":"SendEmailV2"},"parameters":{"emailMessage/To":"@outputs('Get_a_row')?['body/Tech~1Damco Contact']","emailMessage/Subject":"@{outputs('Get_a_row')?['body/ID']}| (@{outputs('Get_a_row')?['body/Partner ID']}  - @{outputs('Get_a_row')?['body/Message Key']} )Failed to process\n","emailMessage/Body":"<p>Dear Partner,<br>\n<br>\n@{outputs('Get_a_row')?['body/Message Key']} Failed to process due to below error. Appreciate to amend and resend.<br>\n<br>\nError Details:<br>\n@{outputs('Get_a_row')?['body/Error']}<br>\n<br>\nDocument Name/s:<br>\n@{body('Create_HTML_table')}@{outputs('Styling')}<br>\n<br>\nIf there is any query regarding this matter, please send an e-mail to eBIS_Support@maersk.com .<br>\n<br>\nBest Regards,<br>\nMaersk eBIS Support</p>","emailMessage/From":"eBIS_Support@maersk.com","emailMessage/Cc":"eBIS_Support@maersk.com;XDEDINAPSPSTeam@maersk.com;maersk@service-now.com","emailMessage/Attachments":"@variables('Attachment')","emailMessage/Importance":"Normal"},"authentication":"@parameters('$authentication')"}}},"runAfter":{"Create_HTML_table":["Succeeded"]},"else":{"actions":{"Condition_4":{"actions":{"Send_an_email_(V2)_7":{"runAfter":{},"metadata":{"operationMetadataId":"e6e45eb4-b6a8-4c22-bde6-1dc4933f5d79"},"type":"OpenApiConnection","inputs":{"host":{"apiId":"/providers/Microsoft.PowerApps/apis/shared_office365","connectionName":"shared_office365_1","operationId":"SendEmailV2"},"parameters":{"emailMessage/To":"mann.sethi@maersk.com;lakshay.jain@maersk.com","emailMessage/Subject":"@{outputs('Get_a_row')?['body/ID']}| (@{outputs('Get_a_row')?['body/Partner ID']}  - @{outputs('Get_a_row')?['body/Message Key']} )Failed to process\n","emailMessage/Body":"<p>Dear Partner,<br>\n<br>\n@{outputs('Get_a_row')?['body/Message Key']} Failed to process due to below error. Appreciate to amend and resend.<br>\n<br>\nError Details:<br>\n@{outputs('Get_a_row')?['body/Error']}<br>\n<br>\nDocument Name/s:<br>\n@{body('Create_HTML_table')}@{outputs('Styling')}<br>\n<br>\nIf there is any query regarding this matter, please send an e-mail to eBIS_Support@maersk.com .<br>\n<br>\nBest Regards,<br>\nMaersk eBIS Support</p>","emailMessage/Attachments":"@variables('Attachment')","emailMessage/Importance":"Normal"},"authentication":"@parameters('$authentication')"}},"Send_an_email_(V2)_3":{"runAfter":{"Send_an_email_(V2)_7":["Succeeded"]},"metadata":{"operationMetadataId":"e6e45eb4-b6a8-4c22-bde6-1dc4933f5d79"},"type":"OpenApiConnection","inputs":{"host":{"apiId":"/providers/Microsoft.PowerApps/apis/shared_office365","connectionName":"shared_office365_2","operationId":"SendEmailV2"},"parameters":{"emailMessage/To":"@outputs('Get_a_row')?['body/Business~1Customer Contact']","emailMessage/Subject":"@{outputs('Get_a_row')?['body/ID']}| (@{outputs('Get_a_row')?['body/Partner ID']}  - @{outputs('Get_a_row')?['body/Message Key']} )Failed to process\n","emailMessage/Body":"<p>Dear Partner,<br>\n<br>\n@{outputs('Get_a_row')?['body/Message Key']} Failed to process due to below error. Appreciate to amend and resend.<br>\n<br>\nError Details:<br>\n@{outputs('Get_a_row')?['body/Error']}<br>\n<br>\nDocument Name/s:<br>\n@{body('Create_HTML_table')}@{outputs('Styling')}<br>\n<br>\nIf there is any query regarding this matter, please send an e-mail to eBIS_Support@maersk.com .<br>\n<br>\nBest Regards,<br>\nMaersk eBIS Support</p>","emailMessage/From":"eBIS_Support@maersk.com","emailMessage/Cc":"eBIS_Support@maersk.com;XDEDINAPSPSTeam@maersk.com;maersk@service-now.com","emailMessage/Attachments":"@variables('Attachment')","emailMessage/Importance":"Normal"},"authentication":"@parameters('$authentication')"}}},"runAfter":{},"else":{"actions":{"Send_an_email_(V2)_8":{"runAfter":{},"metadata":{"operationMetadataId":"e6e45eb4-b6a8-4c22-bde6-1dc4933f5d79"},"type":"OpenApiConnection","inputs":{"host":{"apiId":"/providers/Microsoft.PowerApps/apis/shared_office365","connectionName":"shared_office365_1","operationId":"SendEmailV2"},"parameters":{"emailMessage/To":"mann.sethi@maersk.com;lakshay.jain@maersk.com","emailMessage/Subject":"@{outputs('Get_a_row')?['body/ID']}| (@{outputs('Get_a_row')?['body/Partner ID']}  - @{outputs('Get_a_row')?['body/Message Key']} )Failed to process\n","emailMessage/Body":"<p>Dear Partner,<br>\n<br>\n@{outputs('Get_a_row')?['body/Message Key']} Failed to process due to below error. Appreciate to amend and resend.<br>\n<br>\nError Details:<br>\n@{outputs('Get_a_row')?['body/Error']}<br>\n<br>\nDocument Name/s:<br>\n@{body('Create_HTML_table')}@{outputs('Styling')}<br>\n<br>\nIf there is any query regarding this matter, please send an e-mail to eBIS_Support@maersk.com .<br>\n<br>\nBest Regards,<br>\nMaersk eBIS Support</p>","emailMessage/Attachments":"@variables('Attachment')","emailMessage/Importance":"Normal"},"authentication":"@parameters('$authentication')"}},"Send_an_email_(V2)_4":{"runAfter":{"Send_an_email_(V2)_8":["Succeeded"]},"metadata":{"operationMetadataId":"e6e45eb4-b6a8-4c22-bde6-1dc4933f5d79"},"type":"OpenApiConnection","inputs":{"host":{"apiId":"/providers/Microsoft.PowerApps/apis/shared_office365","connectionName":"shared_office365_2","operationId":"SendEmailV2"},"parameters":{"emailMessage/To":"@{outputs('Get_a_row')?['body/Tech~1Damco Contact']};@{outputs('Get_a_row')?['body/Business~1Customer Contact']}","emailMessage/Subject":"@{outputs('Get_a_row')?['body/ID']}| (@{outputs('Get_a_row')?['body/Partner ID']}  - @{outputs('Get_a_row')?['body/Message Key']} )Failed to process\n","emailMessage/Body":"<p>Dear Partner,<br>\n<br>\n@{outputs('Get_a_row')?['body/Message Key']} Failed to process due to below error. Appreciate to amend and resend.<br>\n<br>\nError Details:<br>\n@{outputs('Get_a_row')?['body/Error']}<br>\n<br>\nDocument Name/s:<br>\n@{body('Create_HTML_table')}@{outputs('Styling')}<br>\n<br>\nIf there is any query regarding this matter, please send an e-mail to eBIS_Support@maersk.com .<br>\n<br>\nBest Regards,<br>\nMaersk eBIS Support</p>","emailMessage/From":"eBIS_Support@maersk.com","emailMessage/Cc":"eBIS_Support@maersk.com;XDEDINAPSPSTeam@maersk.com;maersk@service-now.com","emailMessage/Attachments":"@variables('Attachment')","emailMessage/Importance":"Normal"},"authentication":"@parameters('$authentication')"}}}},"expression":{"or":[{"contains":["@outputs('Get_a_row')?['body/Tech~1Damco Contact']","TBA"]},{"contains":["@outputs('Get_a_row')?['body/Tech~1Damco Contact']","NA"]}]},"metadata":{"operationMetadataId":"0c97926a-44fd-4e37-a6c5-4db4c39abae4"},"type":"If"}}},"expression":{"or":[{"contains":["@outputs('Get_a_row')?['body/Business~1Customer Contact']","TBA"]},{"contains":["@outputs('Get_a_row')?['body/Business~1Customer Contact']","NA"]}]},"metadata":{"operationMetadataId":"7e8627b0-7ed6-400d-913b-86d8b626e511"},"type":"If"},"List_Records":{"runAfter":{"Condition_3":["Succeeded"]},"metadata":{"operationMetadataId":"fe8832ab-6c7e-4e0a-9be8-747c7c05ffd2"},"type":"OpenApiConnection","inputs":{"host":{"apiId":"/providers/Microsoft.PowerApps/apis/shared_service-now","connectionName":"shared_service-now_1","operationId":"GetRecords"},"parameters":{"tableType":"incident","sysparm_display_value":false,"sysparm_exclude_reference_link":true,"sysparm_query":"number=@{items('Apply_to_each')}"},"authentication":"@parameters('$authentication')"}},"Apply_to_each_2":{"foreach":"@outputs('List_Records')?['body/result']","actions":{"HTTP":{"runAfter":{},"metadata":{"operationMetadataId":"b11f1041-bfa9-44fa-88fb-13e1efa5c2f9"},"type":"Http","inputs":{"method":"PATCH","uri":"https://maersk.service-now.com/api/now/v1/table/incident/@{items('Apply_to_each_2')?['sys_id']}?sysparm_exclude_ref_link=true","headers":{"Accept":"application/json","Content-Type":"application/json;charset = UTF-8","Server":"ServiceNow","X-is-logged-in":"true"},"queries":{"number":"@items('Apply_to_each_2')?['number']","incident.state":"6","incident.close_code":"Solved (Automation)","incident.assigned_to":"2366ee591b466d10358ded38b04bcb4f"},"body":{"comments":"@{outputs('Get_a_row')?['body/Partner ID']} ~@{outputs('Get_a_row')?['body/Message Key']} , Error Details:@{outputs('Get_a_row')?['body/Error']} Action: Partner Notified","state":"6","assigned_to":"Tech Support","close_code":"Solved (Automation)","close_notes":"Closure of the ticket from Automation,Notification has been sent to partner Email, with required details"},"authentication":{"type":"Basic","username":"Tech_Support","password":":hT}@_whX@s8Jhn$j6NXtr)^Q!{ePJ,;QvdV]1S6"}}}},"runAfter":{"List_Records":["Succeeded"]},"metadata":{"operationMetadataId":"092ed6b9-b681-4ad9-9220-636b7486f5a8"},"type":"Foreach"},"List_rows_present_in_a_table_3":{"runAfter":{"Apply_to_each_2":["Succeeded"]},"metadata":{"01WASUEWH3AGP6E76AHZDKSNZRIRPGARZQ":"/General/Bicmapping/Bicmapping.xlsx","operationMetadataId":"0b35d335-8b69-4574-b60d-39eefa45a7b9","tableId":"{C7BB1AA5-35C5-4347-8C3D-84689D1AADE4}"},"type":"OpenApiConnection","inputs":{"host":{"apiId":"/providers/Microsoft.PowerApps/apis/shared_excelonlinebusiness","connectionName":"shared_excelonlinebusiness","operationId":"GetItems"},"parameters":{"source":"groups/56fdfaf9-3c88-4f81-bd81-619cf5a44d9e","drive":"b!rvlYkZDnrEeE6AMTMhFQ3Gisan59IApKjGWrbIRcUx3MQv9QYniJQY3Go2rc-XXt","file":"01WASUEWH3AGP6E76AHZDKSNZRIRPGARZQ","table":"{C7BB1AA5-35C5-4347-8C3D-84689D1AADE4}","$filter":"ID eq '@{items('Apply_to_each')}'","dateTimeFormat":"ISO 8601"},"authentication":"@parameters('$authentication')"},"runtimeConfiguration":{"paginationPolicy":{"minimumItemCount":10000}}},"Apply_to_each_6":{"foreach":"@outputs('List_rows_present_in_a_table_3')?['body/value']","actions":{"Update_a_row_2":{"runAfter":{},"metadata":{"01WASUEWH3AGP6E76AHZDKSNZRIRPGARZQ":"/General/Bicmapping/Bicmapping.xlsx","operationMetadataId":"fc1132ea-5d34-49b9-8847-d15714e3a330","tableId":"{C7BB1AA5-35C5-4347-8C3D-84689D1AADE4}"},"type":"OpenApiConnection","inputs":{"host":{"apiId":"/providers/Microsoft.PowerApps/apis/shared_excelonlinebusiness","connectionName":"shared_excelonlinebusiness_1","operationId":"PatchItem"},"parameters":{"source":"groups/56fdfaf9-3c88-4f81-bd81-619cf5a44d9e","drive":"b!rvlYkZDnrEeE6AMTMhFQ3Gisan59IApKjGWrbIRcUx3MQv9QYniJQY3Go2rc-XXt","file":"01WASUEWH3AGP6E76AHZDKSNZRIRPGARZQ","table":"{C7BB1AA5-35C5-4347-8C3D-84689D1AADE4}","idColumn":"TrackID","id":"@items('Apply_to_each_6')?['TrackID']","item/EmailSent":"Y","item/Flow Run Date":"@convertFromUtc(utcNow(), 'India Standard Time', 'dd-MM-yyyy hh:mm')"},"authentication":"@parameters('$authentication')"}}},"runAfter":{"List_rows_present_in_a_table_3":["Succeeded"]},"metadata":{"operationMetadataId":"3326bc17-5a43-4755-a79f-7e85a467706e"},"type":"Foreach"}}},"expression":{"equals":["@outputs('Get_a_row')?['body/Mapping Application']","LNS"]},"metadata":{"operationMetadataId":"a52b7636-71ab-4de1-8b41-322ca1c681c6"},"type":"If"},"Filter_array_2":{"runAfter":{"List_folder":["Succeeded"]},"metadata":{"operationMetadataId":"47a2fc87-7756-4c12-87ce-c9d5658a9a59"},"type":"Query","inputs":{"from":"@body('List_folder')","where":"@contains(outputs('Compose'), substring(item()?['DisplayName'], 0, indexOf(item()?['DisplayName'], '.')))"}},"Apply_to_each_4":{"foreach":"@body('Filter_array_2')","actions":{"Condition_2":{"actions":{"Append_to_array_variable":{"runAfter":{"Get_file_content_2":["Succeeded"]},"metadata":{"operationMetadataId":"f38f998d-294b-4694-9cde-44503e37eba0"},"type":"AppendToArrayVariable","inputs":{"name":"Attachment","value":{"Name":"@items('Apply_to_each_4')?['Name']","ContentBytes":"@body('Get_file_content_2')"}}},"Get_file_content_2":{"runAfter":{},"metadata":{"operationMetadataId":"915b0731-e975-4220-9b85-3722301fc073"},"type":"OpenApiConnection","inputs":{"host":{"apiId":"/providers/Microsoft.PowerApps/apis/shared_sharepointonline","connectionName":"shared_sharepointonline","operationId":"GetFileContent"},"parameters":{"dataset":"https://teamsite.maerskgroup.com/teams/TestBOTgroup","id":"@items('Apply_to_each_4')?['Id']","inferContentType":true},"authentication":"@parameters('$authentication')"}}},"runAfter":{},"expression":{"equals":["@substring(items('Apply_to_each_4')?['DisplayName'], 0, indexOf(items('Apply_to_each_4')?['DisplayName'], '.'))","@items('Apply_to_each')"]},"metadata":{"operationMetadataId":"be1f6fb1-d441-4dd7-96e0-729ab5698a55"},"type":"If"}},"runAfter":{"Filter_array_2":["Succeeded"]},"metadata":{"operationMetadataId":"68a3b419-1cbc-4c10-9231-cb28537921fe"},"type":"Foreach"},"List_folder":{"runAfter":{"Filter_array":["Succeeded"]},"metadata":{"%252fShared%2bDocuments%252fGeneral%252fBicmapping%252fAttachment_ZIP":"/Shared Documents/General/Bicmapping/Attachment_ZIP","operationMetadataId":"8917ac4d-11f1-434c-b99e-eaddb963ce5c"},"type":"OpenApiConnection","inputs":{"host":{"apiId":"/providers/Microsoft.PowerApps/apis/shared_sharepointonline","connectionName":"shared_sharepointonline","operationId":"ListFolder"},"parameters":{"dataset":"https://teamsite.maerskgroup.com/teams/TestBOTgroup","id":"%252fShared%2bDocuments%252fGeneral%252fBicmapping%252fAttachment_ZIP"},"authentication":"@parameters('$authentication')"}}},"runAfter":{"Styling":["Succeeded"]},"metadata":{"operationMetadataId":"54f3bc30-32f7-4b5d-a14d-81139a4bf7cb"},"type":"Foreach"},"Initialize_variable_2":{"runAfter":{"Initialize_variable":["Succeeded"]},"metadata":{"operationMetadataId":"71c768bc-e25e-49f8-af87-87cc41711113"},"type":"InitializeVariable","inputs":{"variables":[{"name":"EmptyVariable","type":"array"}]}},"Styling":{"runAfter":{"Compose_2":["Succeeded"]},"metadata":{"operationMetadataId":"3dec6e5f-10d0-4cd1-a305-4ca254b6e614"},"type":"Compose","inputs":"<style>\n\ntable {\n\n  border: 1px solid \"black\";\n\n  background-color: \"white\";\n\n  width: 100%;\n\n  text-align: left;\n\n  border-collapse: collapse;\n\n}\n\ntable td, table th {\n\n  border: 1px solid #000000;\n\n  padding: 3px 2px;\n\n}\n\ntable tbody td {\n\n  font-size: 13px;\n\n}\n\ntable thead {\n\n  background: \"black\";\n\n  border-bottom: 2px solid #000000;\n\n}\n\ntable thead th {\n\n  font-size: 15px;\n\n  font-weight: bold;\n\n  color: black;\n\n  border-left: 2px solid #000000;\n\n}\n\ntable thead th:first-child {\n\n  border-left: none;\n\n}\n\n</style>"},"List_folder_2":{"runAfter":{"Compose":["Succeeded"]},"metadata":{"%252fShared%2bDocuments%252fGeneral%252fBicmapping%252fAttachment_ZIP":"/Shared Documents/General/Bicmapping/Attachment_ZIP","operationMetadataId":"8917ac4d-11f1-434c-b99e-eaddb963ce5c"},"type":"OpenApiConnection","inputs":{"host":{"apiId":"/providers/Microsoft.PowerApps/apis/shared_sharepointonline","connectionName":"shared_sharepointonline","operationId":"ListFolder"},"parameters":{"dataset":"https://teamsite.maerskgroup.com/teams/TestBOTgroup","id":"%252fShared%2bDocuments%252fGeneral%252fBicmapping%252fAttachment_ZIP"},"authentication":"@parameters('$authentication')"}},"Compose":{"runAfter":{"Select":["Succeeded"]},"metadata":{"operationMetadataId":"7b90e9d9-d0fb-4c41-b201-af2be9365c7f"},"type":"Compose","inputs":"@union(body('Select'),body('Select'))"},"Select_2":{"runAfter":{"List_folder_2":["Succeeded"]},"metadata":{"operationMetadataId":"385e8676-dd59-4a01-a236-bd5078b73ab4"},"type":"Select","inputs":{"from":"@body('List_folder_2')","select":"@substring(item()?['DisplayName'], 0, indexOf(item()?['DisplayName'], '.'))"}},"Compose_2":{"runAfter":{"Select_2":["Succeeded"]},"metadata":{"operationMetadataId":"41ec5d2f-7d07-469b-b452-e8ac44ccf0db"},"type":"Compose","inputs":"@intersection(body('Select_2'),outputs('Compose'))"}}},"connectionReferences":{"shared_excelonlinebusiness":{"connectionName":"shared-excelonlinebu-a86714fd-5a75-4fe5-a246-7a8cadbd6e4a","source":"Embedded","id":"/providers/Microsoft.PowerApps/apis/shared_excelonlinebusiness","tier":"NotSpecified"},"shared_office365":{"connectionName":"shared-office365-bd85ad37-6d78-4946-8fb1-9fe552765a21","source":"Embedded","id":"/providers/Microsoft.PowerApps/apis/shared_office365","tier":"NotSpecified"},"shared_office365_2":{"connectionName":"9bc74ae00f6e4196a08a43068854cfd4","source":"Embedded","id":"/providers/Microsoft.PowerApps/apis/shared_office365","tier":"NotSpecified"},"shared_excelonlinebusiness_1":{"connectionName":"shared-excelonlinebu-0a07022b-2e02-499e-9274-f980113e9cff","source":"Embedded","id":"/providers/Microsoft.PowerApps/apis/shared_excelonlinebusiness","tier":"NotSpecified"},"shared_service-now_1":{"connectionName":"c793663feabf48efbe4a668fa1a05e30","source":"Embedded","id":"/providers/Microsoft.PowerApps/apis/shared_service-now","tier":"NotSpecified"},"shared_office365_1":{"connectionName":"shared-office365-ea144bec-de9c-47a6-b0a4-eadce92ab2ff","source":"Embedded","id":"/providers/Microsoft.PowerApps/apis/shared_office365","tier":"NotSpecified"},"shared_sharepointonline":{"connectionName":"shared-sharepointonl-6410e941-c8c8-4fc2-9a7e-0723ca662b25","source":"Embedded","id":"/providers/Microsoft.PowerApps/apis/shared_sharepointonline","tier":"NotSpecified"}},"flowFailureAlertSubscribed":false,"isManaged":false}}