{"name":"62155917-571d-4413-bb34-a9d3fc7c63cb","id":"/providers/Microsoft.Flow/flows/62155917-571d-4413-bb34-a9d3fc7c63cb","type":"Microsoft.Flow/flows","properties":{"apiId":"/providers/Microsoft.PowerApps/apis/shared_logicflows","displayName":"BEP INT-EDI Queue Handling","definition":{"metadata":{"workflowEntityId":null,"processAdvisorMetadata":null,"flowChargedByPaygo":null,"flowclientsuspensionreason":"None","flowclientsuspensiontime":null,"flowclientsuspensionreasondetails":null,"creator":{"id":"e8104115-8f81-4120-a9e6-8e32c54151d1","type":"User","tenantId":"05d75c05-fa1a-42e7-9cf1-eb416c396f2d"},"provisioningMethod":"FromDefinition","failureAlertSubscription":true,"clientLastModifiedTime":"2024-09-20T10:56:44.6332098Z","connectionKeySavedTimeKey":"2024-09-20T10:56:44.6332098Z"},"$schema":"https://schema.management.azure.com/providers/Microsoft.Logic/schemas/2016-06-01/workflowdefinition.json#","contentVersion":"1.0.0.0","parameters":{"$connections":{"defaultValue":{},"type":"Object"},"$authentication":{"defaultValue":{},"type":"SecureObject"}},"triggers":{"Recurrence":{"recurrence":{"frequency":"Minute","interval":5},"metadata":{"operationMetadataId":"6af0290a-0267-45c3-9e6c-4ec6524515b9"},"type":"Recurrence"}},"actions":{"List_rows_present_in_LogIn_LogOut_Time_sheet_2":{"runAfter":{"Initialize_variable":["Succeeded"]},"metadata":{"012EFUUM7JSFXJS4IYPRG3H7XS7HXHP3PU":"/Documents/Queue Handling in Service Now/Login Time.xlsx","operationMetadataId":"3b21202e-a75f-4d05-8a08-8347e868d947","tableId":"{BC0A0C7B-211B-4A74-8FB8-6FA5D81F2167}","01CIZFCRDH7QAILLHT7JBLUQOAVYH3M73I":"/General/Queue Handling_Service Desk/Login Time.xlsx","01CIZFCRGKM3EEXOJYT5D2EWIFPVZK5DFB":"/General/BEP-INT_Queue Handling/Login Time.xlsx","01CIZFCRFI43KEUOPWWFFZ3RCTAHDR4QTV":"/General/BEP INT_Queue Handling/EDI L1 Queue/Login Time.xlsx","01WLSW6AWKK7IFJNFOT5FJRNBB76ETCJLA":"/General/Others/EDI Queue Handling/Automate Queue Handling Data.xlsx"},"type":"OpenApiConnection","inputs":{"host":{"apiId":"/providers/Microsoft.PowerApps/apis/shared_excelonlinebusiness","connectionName":"shared_excelonlinebusiness","operationId":"GetItems"},"parameters":{"source":"groups/7b519f4d-bbc1-439c-839a-ecca8e8b9cca","drive":"b!JQImw_Ysyk6GPfeO7xHQb3MJzR-wtoBCq4hb212GejpEj7fC_qZXQ4vWCdACy8xp","file":"01CIZFCRFI43KEUOPWWFFZ3RCTAHDR4QTV","table":"{BC0A0C7B-211B-4A74-8FB8-6FA5D81F2167}"},"authentication":"@parameters('$authentication')"}},"List_rows_present_in_Login_Sheet_2":{"runAfter":{"Delay":["Succeeded"]},"metadata":{"012EFUUM77TWHW2JHD5RH3PAPHDPLZWRKS":"/Documents/Queue Handling in Service Now/Book1.xlsx","operationMetadataId":"755216ad-b2c2-4356-bcea-4fb5d11889a6","tableId":"{10F1A1DE-E5C2-453D-8FBD-81C5287CE1D2}","012EFUUM7DSMPN4NDLJ5ELY43ABAOO6HEM":"/Documents/Queue Handling in Service Now/Automate Queue Handling Data.xlsx","012EFUUMZ5NPQHTTPXERCZ3ZGDEKK45HA5":"/Documents/Queue Handling in Service Now/Book1 - Copy.xlsx","01CIZFCRBOZ6ZKNV6HUFBJUV3QL6IR4SY3":"/General/BEP-INT_Queue Handling/Automate Queue Handling Data.xlsx","01CIZFCRH2SFE7YUBJQFHJVXWANAJCHJR6":"/General/BEP INT_Queue Handling/EDI L1 Queue/Automate Queue Handling Data.xlsx","01WLSW6AWKK7IFJNFOT5FJRNBB76ETCJLA":"/General/Others/EDI Queue Handling/Automate Queue Handling Data.xlsx"},"type":"OpenApiConnection","inputs":{"host":{"apiId":"/providers/Microsoft.PowerApps/apis/shared_excelonlinebusiness","connectionName":"shared_excelonlinebusiness","operationId":"GetItems"},"parameters":{"source":"groups/e9e57376-208e-49cd-ada4-7d8f9a795b63","drive":"b!cC5zM7SnG0yW06f2TU8j13UTzg2FzrFAk1flB7GIvt81ySZ7or9ASqZgBFnrwNfk","file":"01WLSW6AWKK7IFJNFOT5FJRNBB76ETCJLA","table":"{10F1A1DE-E5C2-453D-8FBD-81C5287CE1D2}"},"authentication":"@parameters('$authentication')"}},"List_rows_present_in_ticket_assignment_count_sheet_2":{"runAfter":{"List_rows_present_in_Login_Sheet_2":["Succeeded"]},"metadata":{"012EFUUM77TWHW2JHD5RH3PAPHDPLZWRKS":"/Documents/Queue Handling in Service Now/Book1.xlsx","operationMetadataId":"364e8d65-017b-40c7-bc28-08878453d3b0","tableId":"{AB94A16F-3713-48E8-B1B6-4413C0C7BCF7}","01CIZFCRAHO3S3E3WXXFDINQC3FTBDKFNI":"/General/Queue Handling_Service Desk/Ticket_Assignment Queue.xlsx","01CIZFCRHC2X2QA4ZHMFEZ562MMG7QV3JG":"/General/BEP-INT_Queue Handling/Ticket_Assignment Queue.xlsx","01CIZFCRHIMYOTXDJ5O5CJ4CN3LI7QGVXT":"/General/BEP INT_Queue Handling/EDI L1 Queue/Ticket_Assignment Queue.xlsx"},"type":"OpenApiConnection","inputs":{"host":{"apiId":"/providers/Microsoft.PowerApps/apis/shared_excelonlinebusiness","connectionName":"shared_excelonlinebusiness","operationId":"GetItems"},"parameters":{"source":"groups/7b519f4d-bbc1-439c-839a-ecca8e8b9cca","drive":"b!JQImw_Ysyk6GPfeO7xHQb3MJzR-wtoBCq4hb212GejpEj7fC_qZXQ4vWCdACy8xp","file":"01CIZFCRHIMYOTXDJ5O5CJ4CN3LI7QGVXT","table":"{AB94A16F-3713-48E8-B1B6-4413C0C7BCF7}"},"authentication":"@parameters('$authentication')"}},"Filter_persons_in_a_shift_2":{"runAfter":{"List_rows_present_in_ticket_assignment_count_sheet_2":["Succeeded"]},"metadata":{"operationMetadataId":"a5ec8f88-081c-4bbf-ae5c-eaf7f22695c7"},"type":"Query","inputs":{"from":"@outputs('List_rows_present_in_ticket_assignment_count_sheet_2')?['body/value']","where":"@not(equals(item()?['APM ID'], ''))"}},"Select_2":{"runAfter":{"Filter_persons_in_a_shift_2":["Succeeded"]},"metadata":{"operationMetadataId":"a5ae2ffe-c7ec-44bb-80c5-133cb5cdab16"},"type":"Select","inputs":{"from":"@body('Filter_persons_in_a_shift_2')","select":"@item()['APM ID']"}},"Apply_to_each_2":{"foreach":"@outputs('List_rows_present_in_Login_Sheet_2')?['body/value']","actions":{"Condition_2":{"actions":{"Delete_a_row":{"runAfter":{"Update_a_row_3":["Succeeded","Failed"]},"metadata":{"operationMetadataId":"9a13434c-bb5f-4163-88bc-dc018d652b67","tableId":"{AB94A16F-3713-48E8-B1B6-4413C0C7BCF7}","01CIZFCRAHO3S3E3WXXFDINQC3FTBDKFNI":"/General/Queue Handling_Service Desk/Ticket_Assignment Queue.xlsx","01CIZFCRHC2X2QA4ZHMFEZ562MMG7QV3JG":"/General/BEP-INT_Queue Handling/Ticket_Assignment Queue.xlsx","01CIZFCRHIMYOTXDJ5O5CJ4CN3LI7QGVXT":"/General/BEP INT_Queue Handling/EDI L1 Queue/Ticket_Assignment Queue.xlsx"},"type":"OpenApiConnection","inputs":{"host":{"apiId":"/providers/Microsoft.PowerApps/apis/shared_excelonlinebusiness","connectionName":"shared_excelonlinebusiness_1","operationId":"DeleteItem"},"parameters":{"source":"groups/7b519f4d-bbc1-439c-839a-ecca8e8b9cca","drive":"b!JQImw_Ysyk6GPfeO7xHQb3MJzR-wtoBCq4hb212GejpEj7fC_qZXQ4vWCdACy8xp","file":"01CIZFCRHIMYOTXDJ5O5CJ4CN3LI7QGVXT","table":"{AB94A16F-3713-48E8-B1B6-4413C0C7BCF7}","idColumn":"APM ID","id":"@items('Apply_to_each_2')?['APM ID']"},"authentication":"@parameters('$authentication')"}},"Compose_2":{"runAfter":{"Delete_a_row":["Succeeded","Failed"]},"metadata":{"operationMetadataId":"d44412c3-a023-416c-8356-7a4ad30b305e"},"type":"Compose","inputs":1},"Update_a_row_3":{"runAfter":{},"metadata":{"012EFUUM7JSFXJS4IYPRG3H7XS7HXHP3PU":"/Documents/Queue Handling in Service Now/Login Time.xlsx","operationMetadataId":"d66e0eef-8548-4584-94e7-316f26e4e210","tableId":"{BC0A0C7B-211B-4A74-8FB8-6FA5D81F2167}","01CIZFCRDH7QAILLHT7JBLUQOAVYH3M73I":"/General/Queue Handling_Service Desk/Login Time.xlsx","01CIZFCRGKM3EEXOJYT5D2EWIFPVZK5DFB":"/General/BEP-INT_Queue Handling/Login Time.xlsx","01CIZFCRFI43KEUOPWWFFZ3RCTAHDR4QTV":"/General/BEP INT_Queue Handling/EDI L1 Queue/Login Time.xlsx"},"type":"OpenApiConnection","inputs":{"host":{"apiId":"/providers/Microsoft.PowerApps/apis/shared_excelonlinebusiness","connectionName":"shared_excelonlinebusiness","operationId":"PatchItem"},"parameters":{"source":"groups/7b519f4d-bbc1-439c-839a-ecca8e8b9cca","drive":"b!JQImw_Ysyk6GPfeO7xHQb3MJzR-wtoBCq4hb212GejpEj7fC_qZXQ4vWCdACy8xp","file":"01CIZFCRFI43KEUOPWWFFZ3RCTAHDR4QTV","table":"{BC0A0C7B-211B-4A74-8FB8-6FA5D81F2167}","idColumn":"Temp_key","id":"@items('Apply_to_each_2')?['APM ID']"},"authentication":"@parameters('$authentication')"}}},"runAfter":{},"expression":{"equals":["@items('Apply_to_each_2')?['Logout']","LogOut"]},"metadata":{"operationMetadataId":"3cd9da97-217a-4fa5-9113-035d18b68dad"},"type":"If"}},"runAfter":{"Select_2":["Succeeded"]},"metadata":{"operationMetadataId":"ebbba0b8-0ddf-4576-a652-9eefb8590976"},"type":"Foreach"},"Apply_to_each_10":{"foreach":"@outputs('List_rows_present_in_Login_Sheet_2')?['body/value']","actions":{"Condition_3":{"actions":{},"runAfter":{},"else":{"actions":{"Condition_6":{"actions":{"Add_a_row_into_a_table":{"runAfter":{"Get_a_row_3":["Succeeded"]},"metadata":{"012EFUUM77TWHW2JHD5RH3PAPHDPLZWRKS":"/Documents/Queue Handling in Service Now/Book1.xlsx","operationMetadataId":"3221a07f-4b89-4a0c-bef0-3b280b9b1072","tableId":"{AB94A16F-3713-48E8-B1B6-4413C0C7BCF7}","01CIZFCRAHO3S3E3WXXFDINQC3FTBDKFNI":"/General/Queue Handling_Service Desk/Ticket_Assignment Queue.xlsx","01CIZFCRHC2X2QA4ZHMFEZ562MMG7QV3JG":"/General/BEP-INT_Queue Handling/Ticket_Assignment Queue.xlsx","01CIZFCRHIMYOTXDJ5O5CJ4CN3LI7QGVXT":"/General/BEP INT_Queue Handling/EDI L1 Queue/Ticket_Assignment Queue.xlsx"},"type":"OpenApiConnection","inputs":{"host":{"apiId":"/providers/Microsoft.PowerApps/apis/shared_excelonlinebusiness","connectionName":"shared_excelonlinebusiness_1","operationId":"AddRowV2"},"parameters":{"source":"groups/7b519f4d-bbc1-439c-839a-ecca8e8b9cca","drive":"b!JQImw_Ysyk6GPfeO7xHQb3MJzR-wtoBCq4hb212GejpEj7fC_qZXQ4vWCdACy8xp","file":"01CIZFCRHIMYOTXDJ5O5CJ4CN3LI7QGVXT","table":"{AB94A16F-3713-48E8-B1B6-4413C0C7BCF7}","item/Name":"@outputs('Get_a_row_3')?['body/Name ']","item/APM ID":"@outputs('Get_a_row_3')?['body/APM ID']","item/Mail ID":"@outputs('Get_a_row_3')?['body/Email Address']"},"authentication":"@parameters('$authentication')"}},"Add_a_row_Login_LogOut_Time__2":{"runAfter":{"Add_a_row_into_a_table":["Succeeded"]},"metadata":{"012EFUUM7JSFXJS4IYPRG3H7XS7HXHP3PU":"/Documents/Queue Handling in Service Now/Login Time.xlsx","operationMetadataId":"10f8d4dd-08ef-42bc-a46c-ed5fc3458852","tableId":"{BC0A0C7B-211B-4A74-8FB8-6FA5D81F2167}","01CIZFCRDH7QAILLHT7JBLUQOAVYH3M73I":"/General/Queue Handling_Service Desk/Login Time.xlsx","01CIZFCRGKM3EEXOJYT5D2EWIFPVZK5DFB":"/General/BEP-INT_Queue Handling/Login Time.xlsx","01CIZFCRFI43KEUOPWWFFZ3RCTAHDR4QTV":"/General/BEP INT_Queue Handling/EDI L1 Queue/Login Time.xlsx"},"type":"OpenApiConnection","inputs":{"host":{"apiId":"/providers/Microsoft.PowerApps/apis/shared_excelonlinebusiness","connectionName":"shared_excelonlinebusiness","operationId":"AddRowV2"},"parameters":{"source":"groups/7b519f4d-bbc1-439c-839a-ecca8e8b9cca","drive":"b!JQImw_Ysyk6GPfeO7xHQb3MJzR-wtoBCq4hb212GejpEj7fC_qZXQ4vWCdACy8xp","file":"01CIZFCRFI43KEUOPWWFFZ3RCTAHDR4QTV","table":"{BC0A0C7B-211B-4A74-8FB8-6FA5D81F2167}","item/APMID":"@outputs('Get_a_row_3')?['body/APM ID']","item/Temp_key":"@outputs('Get_a_row_3')?['body/APM ID']","item/Name":"@outputs('Get_a_row_3')?['body/Name ']","item/Email":"@outputs('Get_a_row_3')?['body/Email Address']","item/LogIn":"@convertFromUtc(utcNow(), 'India Standard Time', 'dd-MMM-yyyy hh:mm')"},"authentication":"@parameters('$authentication')"}},"Get_a_row_3":{"runAfter":{},"metadata":{"012EFUUMZ5NPQHTTPXERCZ3ZGDEKK45HA5":"/Documents/Queue Handling in Service Now/Book1 - Copy.xlsx","operationMetadataId":"6d404d47-575e-4647-95a8-2fd783e2bef0","tableId":"{1D2B3993-280A-4669-B0D4-B3BCDEE02E53}","01CIZFCRDEYP7HHGM6ANFYT3UXSDL3H75N":"/General/Queue Handling_Service Desk/Member Details.xlsx","01CIZFCRBH2ADMAP6EVZCJ4J4H45JZE42P":"/General/BEP-INT_Queue Handling/Member Details.xlsx","01CIZFCRH5ZZXWMA2XBJAIYIFKON4CCHTZ":"/General/BEP INT_Queue Handling/EDI L1 Queue/Member Details.xlsx"},"type":"OpenApiConnection","inputs":{"host":{"apiId":"/providers/Microsoft.PowerApps/apis/shared_excelonlinebusiness","connectionName":"shared_excelonlinebusiness","operationId":"GetItem"},"parameters":{"source":"groups/7b519f4d-bbc1-439c-839a-ecca8e8b9cca","drive":"b!JQImw_Ysyk6GPfeO7xHQb3MJzR-wtoBCq4hb212GejpEj7fC_qZXQ4vWCdACy8xp","file":"01CIZFCRH5ZZXWMA2XBJAIYIFKON4CCHTZ","table":"{1D2B3993-280A-4669-B0D4-B3BCDEE02E53}","idColumn":"APM ID","id":"@toUpper(items('Apply_to_each_10')?['APM ID'])"},"authentication":"@parameters('$authentication')"}}},"runAfter":{},"else":{"actions":{"Compose_4":{"runAfter":{"Delete_a_row_9":["Succeeded","Failed"]},"metadata":{"operationMetadataId":"5915133a-f4ad-4145-9444-ec4a6b3e8055"},"type":"Compose","inputs":1},"Delete_a_row_9":{"runAfter":{"Update_a_row_4":["Succeeded","Failed"]},"metadata":{"012EFUUM77TWHW2JHD5RH3PAPHDPLZWRKS":"/Documents/Queue Handling in Service Now/Book1.xlsx","operationMetadataId":"4b241335-cd72-4adf-b19d-a24f558a1084","tableId":"{AB94A16F-3713-48E8-B1B6-4413C0C7BCF7}","01CIZFCRAHO3S3E3WXXFDINQC3FTBDKFNI":"/General/Queue Handling_Service Desk/Ticket_Assignment Queue.xlsx","01CIZFCRHC2X2QA4ZHMFEZ562MMG7QV3JG":"/General/BEP-INT_Queue Handling/Ticket_Assignment Queue.xlsx","01CIZFCRHIMYOTXDJ5O5CJ4CN3LI7QGVXT":"/General/BEP INT_Queue Handling/EDI L1 Queue/Ticket_Assignment Queue.xlsx"},"type":"OpenApiConnection","inputs":{"host":{"apiId":"/providers/Microsoft.PowerApps/apis/shared_excelonlinebusiness","connectionName":"shared_excelonlinebusiness_1","operationId":"DeleteItem"},"parameters":{"source":"groups/7b519f4d-bbc1-439c-839a-ecca8e8b9cca","drive":"b!JQImw_Ysyk6GPfeO7xHQb3MJzR-wtoBCq4hb212GejpEj7fC_qZXQ4vWCdACy8xp","file":"01CIZFCRHIMYOTXDJ5O5CJ4CN3LI7QGVXT","table":"{AB94A16F-3713-48E8-B1B6-4413C0C7BCF7}","idColumn":"APM ID","id":"@items('Apply_to_each_10')?['APM ID']"},"authentication":"@parameters('$authentication')"}},"Update_a_row_4":{"runAfter":{},"metadata":{"012EFUUM7JSFXJS4IYPRG3H7XS7HXHP3PU":"/Documents/Queue Handling in Service Now/Login Time.xlsx","operationMetadataId":"18b33627-9cce-4da9-90f9-010e2a6b454c","tableId":"{BC0A0C7B-211B-4A74-8FB8-6FA5D81F2167}","01CIZFCRDH7QAILLHT7JBLUQOAVYH3M73I":"/General/Queue Handling_Service Desk/Login Time.xlsx","01CIZFCRGKM3EEXOJYT5D2EWIFPVZK5DFB":"/General/BEP-INT_Queue Handling/Login Time.xlsx","01CIZFCRFI43KEUOPWWFFZ3RCTAHDR4QTV":"/General/BEP INT_Queue Handling/EDI L1 Queue/Login Time.xlsx"},"type":"OpenApiConnection","inputs":{"host":{"apiId":"/providers/Microsoft.PowerApps/apis/shared_excelonlinebusiness","connectionName":"shared_excelonlinebusiness","operationId":"PatchItem"},"parameters":{"source":"groups/7b519f4d-bbc1-439c-839a-ecca8e8b9cca","drive":"b!JQImw_Ysyk6GPfeO7xHQb3MJzR-wtoBCq4hb212GejpEj7fC_qZXQ4vWCdACy8xp","file":"01CIZFCRFI43KEUOPWWFFZ3RCTAHDR4QTV","table":"{BC0A0C7B-211B-4A74-8FB8-6FA5D81F2167}","idColumn":"APMID","id":"@items('Apply_to_each_10')?['APM ID']","item/Temp_key":" ","item/LogOut":"@convertFromUtc(utcNow(), 'India Standard Time', 'dd-MMM-yyyy hh:mm')"},"authentication":"@parameters('$authentication')"}}}},"expression":{"and":[{"equals":["@items('Apply_to_each_10')?['Login']","LogIn"]},{"not":{"equals":["@items('Apply_to_each_10')?['Logout']","LogOut"]}}]},"metadata":{"operationMetadataId":"6064f1c3-b078-4b11-86a9-0f961d441fbd"},"type":"If"}}},"expression":{"contains":["@body('Select_2')","@items('Apply_to_each_10')?['APM ID']"]},"metadata":{"operationMetadataId":"b8e9d543-ca2c-4cee-b068-679d5c2914e7"},"type":"If"}},"runAfter":{"Apply_to_each_2":["Succeeded"]},"metadata":{"operationMetadataId":"7eb913d4-0372-476b-a32a-ed38b07d0707"},"type":"Foreach"},"Apply_to_each_12":{"foreach":"@outputs('List_rows_present_in_ticket_assignment_count_sheet_2')?['body/value']","actions":{"Get_a_row_4":{"runAfter":{},"metadata":{"012EFUUM77TWHW2JHD5RH3PAPHDPLZWRKS":"/Documents/Queue Handling in Service Now/Book1.xlsx","operationMetadataId":"6d19e8c2-2015-4efb-b415-8548fc3628c3","tableId":"{10F1A1DE-E5C2-453D-8FBD-81C5287CE1D2}","012EFUUM7DSMPN4NDLJ5ELY43ABAOO6HEM":"/Documents/Queue Handling in Service Now/Automate Queue Handling Data.xlsx","012EFUUMZ5NPQHTTPXERCZ3ZGDEKK45HA5":"/Documents/Queue Handling in Service Now/Book1 - Copy.xlsx","01CIZFCRBOZ6ZKNV6HUFBJUV3QL6IR4SY3":"/General/BEP-INT_Queue Handling/Automate Queue Handling Data.xlsx","01CIZFCRH2SFE7YUBJQFHJVXWANAJCHJR6":"/General/BEP INT_Queue Handling/EDI L1 Queue/Automate Queue Handling Data.xlsx","01WLSW6AWKK7IFJNFOT5FJRNBB76ETCJLA":"/General/Others/EDI Queue Handling/Automate Queue Handling Data.xlsx"},"type":"OpenApiConnection","inputs":{"host":{"apiId":"/providers/Microsoft.PowerApps/apis/shared_excelonlinebusiness","connectionName":"shared_excelonlinebusiness_1","operationId":"GetItem"},"parameters":{"source":"groups/e9e57376-208e-49cd-ada4-7d8f9a795b63","drive":"b!cC5zM7SnG0yW06f2TU8j13UTzg2FzrFAk1flB7GIvt81ySZ7or9ASqZgBFnrwNfk","file":"01WLSW6AWKK7IFJNFOT5FJRNBB76ETCJLA","table":"{10F1A1DE-E5C2-453D-8FBD-81C5287CE1D2}","idColumn":"APM ID","id":"@items('Apply_to_each_12')?['APM ID']"},"authentication":"@parameters('$authentication')"}},"Delete_a_row_10":{"runAfter":{"Get_a_row_4":["Failed"]},"metadata":{"012EFUUM77TWHW2JHD5RH3PAPHDPLZWRKS":"/Documents/Queue Handling in Service Now/Book1.xlsx","operationMetadataId":"d929139e-4dda-49a7-aaca-11e0d108d752","tableId":"{AB94A16F-3713-48E8-B1B6-4413C0C7BCF7}","01CIZFCRAHO3S3E3WXXFDINQC3FTBDKFNI":"/General/Queue Handling_Service Desk/Ticket_Assignment Queue.xlsx","01CIZFCRHC2X2QA4ZHMFEZ562MMG7QV3JG":"/General/BEP-INT_Queue Handling/Ticket_Assignment Queue.xlsx","01CIZFCRHIMYOTXDJ5O5CJ4CN3LI7QGVXT":"/General/BEP INT_Queue Handling/EDI L1 Queue/Ticket_Assignment Queue.xlsx"},"type":"OpenApiConnection","inputs":{"host":{"apiId":"/providers/Microsoft.PowerApps/apis/shared_excelonlinebusiness","connectionName":"shared_excelonlinebusiness_1","operationId":"DeleteItem"},"parameters":{"source":"groups/7b519f4d-bbc1-439c-839a-ecca8e8b9cca","drive":"b!JQImw_Ysyk6GPfeO7xHQb3MJzR-wtoBCq4hb212GejpEj7fC_qZXQ4vWCdACy8xp","file":"01CIZFCRHIMYOTXDJ5O5CJ4CN3LI7QGVXT","table":"{AB94A16F-3713-48E8-B1B6-4413C0C7BCF7}","idColumn":"APM ID","id":"@items('Apply_to_each_12')?['APM ID']"},"authentication":"@parameters('$authentication')"}}},"runAfter":{"Select":["Succeeded"]},"metadata":{"operationMetadataId":"33aa4d03-1863-4c41-abc4-21f9f7cc7f8b"},"type":"Foreach"},"Delay_6":{"runAfter":{"Apply_to_each_12":["Succeeded","Failed"]},"metadata":{"operationMetadataId":"cd60029a-0c8d-40f7-bc78-c98e41b18108"},"type":"Wait","inputs":{"interval":{"count":5,"unit":"Second"}}},"List_rows_in_Assigned_Data_Sheet_2":{"runAfter":{"Delay_6":["Succeeded"]},"metadata":{"012EFUUM77TWHW2JHD5RH3PAPHDPLZWRKS":"/Documents/Queue Handling in Service Now/Book1.xlsx","operationMetadataId":"cac98206-8fbb-4f74-90b6-40bf3e81f7a9","tableId":"{2930CAD5-1AD4-4B83-A756-C6C2A09BCC56}","012EFUUM7DSMPN4NDLJ5ELY43ABAOO6HEM":"/Documents/Queue Handling in Service Now/Automate Queue Handling Data.xlsx","012EFUUMZ5NPQHTTPXERCZ3ZGDEKK45HA5":"/Documents/Queue Handling in Service Now/Book1 - Copy.xlsx","01CIZFCRBOZ6ZKNV6HUFBJUV3QL6IR4SY3":"/General/BEP-INT_Queue Handling/Automate Queue Handling Data.xlsx","01CIZFCRH2SFE7YUBJQFHJVXWANAJCHJR6":"/General/BEP INT_Queue Handling/EDI L1 Queue/Automate Queue Handling Data.xlsx"},"type":"OpenApiConnection","inputs":{"host":{"apiId":"/providers/Microsoft.PowerApps/apis/shared_excelonlinebusiness","connectionName":"shared_excelonlinebusiness_1","operationId":"GetItems"},"parameters":{"source":"groups/7b519f4d-bbc1-439c-839a-ecca8e8b9cca","drive":"b!JQImw_Ysyk6GPfeO7xHQb3MJzR-wtoBCq4hb212GejpEj7fC_qZXQ4vWCdACy8xp","file":"01CIZFCRH2SFE7YUBJQFHJVXWANAJCHJR6","table":"{2930CAD5-1AD4-4B83-A756-C6C2A09BCC56}"},"authentication":"@parameters('$authentication')"}},"List_Records_Incidents_2":{"runAfter":{"List_rows_in_Assigned_Data_Sheet_2":["Succeeded"]},"metadata":{"operationMetadataId":"80f94b7f-e1b7-4be3-a1dd-df2255d3e9d7"},"type":"OpenApiConnection","inputs":{"host":{"apiId":"/providers/Microsoft.PowerApps/apis/shared_service-now","connectionName":"shared_service-now","operationId":"GetRecords"},"parameters":{"tableType":"incident","sysparm_display_value":true,"sysparm_exclude_reference_link":true,"sysparm_query":"assignment_group=6b0a1c244fc1fa405f1db7718110c7c4^active=true^state=1^assigned_toISEMPTY^caller_id!=f6ab45bddb0dba0060d3f1eabf961982"},"authentication":"@parameters('$authentication')"}},"Apply_to_each_13":{"foreach":"@outputs('List_Records_Incidents_2')?['body/result']","actions":{"List_rows_present_in_a_table_2":{"runAfter":{},"metadata":{"012EFUUM77TWHW2JHD5RH3PAPHDPLZWRKS":"/Documents/Queue Handling in Service Now/Book1.xlsx","operationMetadataId":"6bb5749d-1963-4b94-a38b-d1abd7b7b2b3","tableId":"{AB94A16F-3713-48E8-B1B6-4413C0C7BCF7}","012EFUUMZ5NPQHTTPXERCZ3ZGDEKK45HA5":"/Documents/Queue Handling in Service Now/Book1 - Copy.xlsx","01CIZFCRAHO3S3E3WXXFDINQC3FTBDKFNI":"/General/Queue Handling_Service Desk/Ticket_Assignment Queue.xlsx","01CIZFCRHC2X2QA4ZHMFEZ562MMG7QV3JG":"/General/BEP-INT_Queue Handling/Ticket_Assignment Queue.xlsx"},"type":"OpenApiConnection","inputs":{"host":{"apiId":"/providers/Microsoft.PowerApps/apis/shared_excelonlinebusiness","connectionName":"shared_excelonlinebusiness","operationId":"GetItems"},"parameters":{"source":"groups/7b519f4d-bbc1-439c-839a-ecca8e8b9cca","drive":"b!JQImw_Ysyk6GPfeO7xHQb3MJzR-wtoBCq4hb212GejpEj7fC_qZXQ4vWCdACy8xp","file":"/General/BEP INT_Queue Handling/EDI L1 Queue/Ticket_Assignment Queue.xlsx","table":"{AB94A16F-3713-48E8-B1B6-4413C0C7BCF7}","$top":1},"authentication":"@parameters('$authentication')"}},"Condition":{"actions":{"Apply_to_each":{"foreach":"@outputs('List_rows_present_in_a_table_2')?['body/value']","actions":{"Update_Record_2":{"runAfter":{},"metadata":{"operationMetadataId":"9088d432-deff-4005-bddd-76a8be2cf9c7"},"type":"OpenApiConnection","inputs":{"host":{"apiId":"/providers/Microsoft.PowerApps/apis/shared_service-now","connectionName":"shared_service-now","operationId":"UpdateRecord"},"parameters":{"tableType":"incident","sysid":"@items('Apply_to_each_13')?['sys_id']","sysparm_display_value":false,"sysparm_exclude_reference_link":true,"body/assigned_to":"@outputs('Get_a_row')?['body/Email Address']"},"authentication":"@parameters('$authentication')"}},"Post_message_in_a_chat_or_channel":{"runAfter":{"Add_assigned_ticket_data_in_sheet":["Succeeded"]},"metadata":{"operationMetadataId":"5257e3e2-db16-4c99-859f-3e4ee86469f1"},"type":"OpenApiConnection","inputs":{"host":{"apiId":"/providers/Microsoft.PowerApps/apis/shared_teams","connectionName":"shared_teams","operationId":"PostMessageToConversation"},"parameters":{"poster":"Flow bot","location":"Chat with Flow bot","body/recipient":"@{outputs('Get_a_row')?['body/Email Address']};","body/messageBody":"<p>Hello @{outputs('Get_a_row')?['body/Name ']},<br>\n\"@{items('Apply_to_each_13')?['number']} has been assigned to you, Please action.\"</p>"},"authentication":"@parameters('$authentication')"}},"Add_assigned_ticket_data_in_sheet":{"runAfter":{"Update_Record_2":["Succeeded"]},"metadata":{"012EFUUM77TWHW2JHD5RH3PAPHDPLZWRKS":"/Documents/Queue Handling in Service Now/Book1.xlsx","operationMetadataId":"396e58dd-44f9-4f75-9718-58f81c06cc94","tableId":"{2930CAD5-1AD4-4B83-A756-C6C2A09BCC56}","012EFUUM7DSMPN4NDLJ5ELY43ABAOO6HEM":"/Documents/Queue Handling in Service Now/Automate Queue Handling Data.xlsx","012EFUUMZ5NPQHTTPXERCZ3ZGDEKK45HA5":"/Documents/Queue Handling in Service Now/Book1 - Copy.xlsx","01CIZFCRBOZ6ZKNV6HUFBJUV3QL6IR4SY3":"/General/BEP-INT_Queue Handling/Automate Queue Handling Data.xlsx","01WLSW6AWKK7IFJNFOT5FJRNBB76ETCJLA":"/General/Others/EDI Queue Handling/Automate Queue Handling Data.xlsx"},"type":"OpenApiConnection","inputs":{"host":{"apiId":"/providers/Microsoft.PowerApps/apis/shared_excelonlinebusiness","connectionName":"shared_excelonlinebusiness","operationId":"AddRowV2"},"parameters":{"source":"groups/e9e57376-208e-49cd-ada4-7d8f9a795b63","drive":"b!cC5zM7SnG0yW06f2TU8j13UTzg2FzrFAk1flB7GIvt81ySZ7or9ASqZgBFnrwNfk","file":"01WLSW6AWKK7IFJNFOT5FJRNBB76ETCJLA","table":"{2930CAD5-1AD4-4B83-A756-C6C2A09BCC56}","item/TicketID":"@items('Apply_to_each_13')?['number']","item/Assigned to":"@items('Apply_to_each_13')?['u_owner_user']","item/APMID":"@outputs('Get_a_row')?['body/APM ID']","item/Mail ID":"@outputs('Get_a_row')?['body/Email Address']","item/Flow run date":"@convertFromUtc(utcNow(), 'Singapore Standard Time', 'dd-MM-yyyy hh:mm')"},"authentication":"@parameters('$authentication')"}}},"runAfter":{"Get_a_row":["Succeeded"]},"metadata":{"operationMetadataId":"d7cbe91a-9131-429d-b0d7-8af08d8a175b"},"type":"Foreach"},"Get_a_row":{"runAfter":{"Join":["Succeeded"]},"metadata":{"012EFUUMZ5NPQHTTPXERCZ3ZGDEKK45HA5":"/Documents/Queue Handling in Service Now/Book1 - Copy.xlsx","operationMetadataId":"6d404d47-575e-4647-95a8-2fd783e2bef0","tableId":"{1D2B3993-280A-4669-B0D4-B3BCDEE02E53}","01CIZFCRDEYP7HHGM6ANFYT3UXSDL3H75N":"/General/Queue Handling_Service Desk/Member Details.xlsx","01CIZFCRBH2ADMAP6EVZCJ4J4H45JZE42P":"/General/BEP-INT_Queue Handling/Member Details.xlsx","01CIZFCRH5ZZXWMA2XBJAIYIFKON4CCHTZ":"/General/BEP INT_Queue Handling/EDI L1 Queue/Member Details.xlsx"},"type":"OpenApiConnection","inputs":{"host":{"apiId":"/providers/Microsoft.PowerApps/apis/shared_excelonlinebusiness","connectionName":"shared_excelonlinebusiness","operationId":"GetItem"},"parameters":{"source":"groups/7b519f4d-bbc1-439c-839a-ecca8e8b9cca","drive":"b!JQImw_Ysyk6GPfeO7xHQb3MJzR-wtoBCq4hb212GejpEj7fC_qZXQ4vWCdACy8xp","file":"01CIZFCRH5ZZXWMA2XBJAIYIFKON4CCHTZ","table":"{1D2B3993-280A-4669-B0D4-B3BCDEE02E53}","idColumn":"Name ","id":"@trim(body('Join'))"},"authentication":"@parameters('$authentication')"}},"Select_3":{"runAfter":{},"metadata":{"operationMetadataId":"8377aed0-c74a-47d9-9fad-5803e8c48467"},"type":"Select","inputs":{"from":"@outputs('List_Records_Incidents_2')?['body/result']","select":"@items('Apply_to_each_13')?['u_owner_user']"}},"Name_of_Owner":{"runAfter":{"Select_3":["Succeeded"]},"metadata":{"operationMetadataId":"9507a813-f285-4efe-9860-eb8bf9ab919d"},"type":"Compose","inputs":"@intersection(body('Select'),body('Select_3'))"},"Compose":{"runAfter":{"Name_of_Owner":["Succeeded"]},"metadata":{"operationMetadataId":"82a98cb1-5cd3-43ac-9696-c1fde78a6b71"},"type":"Compose","inputs":"@outputs('Name_of_Owner')"},"Join":{"runAfter":{"Compose":["Succeeded"]},"metadata":{"operationMetadataId":"00765013-331f-4832-b28b-47aa745a68c7"},"type":"Join","inputs":{"from":"@outputs('Name_of_Owner')","joinWith":" "}}},"runAfter":{"List_rows_present_in_a_table_2":["Succeeded"]},"else":{"actions":{"Apply_to_each_14":{"foreach":"@outputs('List_rows_present_in_a_table_2')?['body/value']","actions":{"Update_Record_3":{"runAfter":{},"metadata":{"operationMetadataId":"9088d432-deff-4005-bddd-76a8be2cf9c7"},"type":"OpenApiConnection","inputs":{"host":{"apiId":"/providers/Microsoft.PowerApps/apis/shared_service-now","connectionName":"shared_service-now","operationId":"UpdateRecord"},"parameters":{"tableType":"incident","sysid":"@items('Apply_to_each_13')?['sys_id']","sysparm_display_value":false,"sysparm_exclude_reference_link":true,"body/assigned_to":"@items('Apply_to_each_14')?['Mail ID']"},"authentication":"@parameters('$authentication')"}},"Post_message_in_a_chat_or_channel_3":{"runAfter":{"Add_assigned_ticket_data_in_sheet_3":["Succeeded"]},"metadata":{"operationMetadataId":"5257e3e2-db16-4c99-859f-3e4ee86469f1"},"type":"OpenApiConnection","inputs":{"host":{"apiId":"/providers/Microsoft.PowerApps/apis/shared_teams","connectionName":"shared_teams","operationId":"PostMessageToConversation"},"parameters":{"poster":"Flow bot","location":"Chat with Flow bot","body/recipient":"@{items('Apply_to_each_14')?['Mail ID']};","body/messageBody":"<p>Hello @{items('Apply_to_each_14')?['Name']},<br>\n\"@{items('Apply_to_each_13')?['number']} has been assigned to you, Please action.\"</p>"},"authentication":"@parameters('$authentication')"}},"Add_assigned_ticket_data_in_sheet_3":{"runAfter":{"Update_Record_3":["Succeeded"]},"metadata":{"012EFUUM77TWHW2JHD5RH3PAPHDPLZWRKS":"/Documents/Queue Handling in Service Now/Book1.xlsx","operationMetadataId":"396e58dd-44f9-4f75-9718-58f81c06cc94","tableId":"{2930CAD5-1AD4-4B83-A756-C6C2A09BCC56}","012EFUUM7DSMPN4NDLJ5ELY43ABAOO6HEM":"/Documents/Queue Handling in Service Now/Automate Queue Handling Data.xlsx","012EFUUMZ5NPQHTTPXERCZ3ZGDEKK45HA5":"/Documents/Queue Handling in Service Now/Book1 - Copy.xlsx","01CIZFCRBOZ6ZKNV6HUFBJUV3QL6IR4SY3":"/General/BEP-INT_Queue Handling/Automate Queue Handling Data.xlsx"},"type":"OpenApiConnection","inputs":{"host":{"apiId":"/providers/Microsoft.PowerApps/apis/shared_excelonlinebusiness","connectionName":"shared_excelonlinebusiness","operationId":"AddRowV2"},"parameters":{"source":"groups/e9e57376-208e-49cd-ada4-7d8f9a795b63","drive":"b!cC5zM7SnG0yW06f2TU8j13UTzg2FzrFAk1flB7GIvt81ySZ7or9ASqZgBFnrwNfk","file":"/General/Others/EDI Queue Handling/Automate Queue Handling Data.xlsx","table":"{2930CAD5-1AD4-4B83-A756-C6C2A09BCC56}","item/TicketID":"@items('Apply_to_each_13')?['number']","item/Assigned to":"@items('Apply_to_each_14')?['Name']","item/APMID":"@items('Apply_to_each_14')?['APM ID']","item/Mail ID":"@items('Apply_to_each_14')?['Mail ID']","item/Flow run date":"@convertFromUtc(utcNow(), 'Singapore Standard Time', 'dd-MM-yyyy hh:mm')"},"authentication":"@parameters('$authentication')"}}},"runAfter":{},"metadata":{"operationMetadataId":"d7cbe91a-9131-429d-b0d7-8af08d8a175b"},"type":"Foreach"},"Apply_to_each_15":{"foreach":"@outputs('List_rows_present_in_a_table_2')?['body/value']","actions":{"Delete_a_row_11":{"runAfter":{},"metadata":{"operationMetadataId":"d5b41a78-795b-41d0-bd47-881408386629","tableId":"{AB94A16F-3713-48E8-B1B6-4413C0C7BCF7}","012EFUUMZ5NPQHTTPXERCZ3ZGDEKK45HA5":"/Documents/Queue Handling in Service Now/Book1 - Copy.xlsx","01CIZFCRAHO3S3E3WXXFDINQC3FTBDKFNI":"/General/Queue Handling_Service Desk/Ticket_Assignment Queue.xlsx","01CIZFCRHC2X2QA4ZHMFEZ562MMG7QV3JG":"/General/BEP-INT_Queue Handling/Ticket_Assignment Queue.xlsx"},"type":"OpenApiConnection","inputs":{"host":{"apiId":"/providers/Microsoft.PowerApps/apis/shared_excelonlinebusiness","connectionName":"shared_excelonlinebusiness","operationId":"DeleteItem"},"parameters":{"source":"groups/7b519f4d-bbc1-439c-839a-ecca8e8b9cca","drive":"b!JQImw_Ysyk6GPfeO7xHQb3MJzR-wtoBCq4hb212GejpEj7fC_qZXQ4vWCdACy8xp","file":"/General/BEP INT_Queue Handling/EDI L1 Queue/Ticket_Assignment Queue.xlsx","table":"{AB94A16F-3713-48E8-B1B6-4413C0C7BCF7}","idColumn":"APM ID","id":"@items('Apply_to_each_15')?['APM ID']"},"authentication":"@parameters('$authentication')"}},"Add_a_row_into_a_table_5":{"runAfter":{"Delay_7":["Succeeded"]},"metadata":{"operationMetadataId":"fb45b87b-2803-4d1f-a562-f869b0438b80","tableId":"{AB94A16F-3713-48E8-B1B6-4413C0C7BCF7}","012EFUUMZ5NPQHTTPXERCZ3ZGDEKK45HA5":"/Documents/Queue Handling in Service Now/Book1 - Copy.xlsx","01CIZFCRHC2X2QA4ZHMFEZ562MMG7QV3JG":"/General/BEP-INT_Queue Handling/Ticket_Assignment Queue.xlsx"},"type":"OpenApiConnection","inputs":{"host":{"apiId":"/providers/Microsoft.PowerApps/apis/shared_excelonlinebusiness","connectionName":"shared_excelonlinebusiness","operationId":"AddRowV2"},"parameters":{"source":"groups/7b519f4d-bbc1-439c-839a-ecca8e8b9cca","drive":"b!JQImw_Ysyk6GPfeO7xHQb3MJzR-wtoBCq4hb212GejpEj7fC_qZXQ4vWCdACy8xp","file":"/General/BEP INT_Queue Handling/EDI L1 Queue/Ticket_Assignment Queue.xlsx","table":"{AB94A16F-3713-48E8-B1B6-4413C0C7BCF7}","item/Name":"@items('Apply_to_each_15')?['Name']","item/APM ID":"@items('Apply_to_each_15')?['APM ID']","item/Mail ID":"@items('Apply_to_each_15')?['Mail ID']"},"authentication":"@parameters('$authentication')"}},"Delay_7":{"runAfter":{"Delete_a_row_11":["Succeeded"]},"metadata":{"operationMetadataId":"cd60029a-0c8d-40f7-bc78-c98e41b18108"},"type":"Wait","inputs":{"interval":{"count":5,"unit":"Second"}}},"Delay_8":{"runAfter":{"Add_a_row_into_a_table_5":["Succeeded"]},"metadata":{"operationMetadataId":"cd60029a-0c8d-40f7-bc78-c98e41b18108"},"type":"Wait","inputs":{"interval":{"count":5,"unit":"Second"}}},"List_rows_present_in_a_table":{"runAfter":{"Delay_8":["Succeeded"]},"metadata":{"012EFUUM77TWHW2JHD5RH3PAPHDPLZWRKS":"/Documents/Queue Handling in Service Now/Book1.xlsx","operationMetadataId":"6bb5749d-1963-4b94-a38b-d1abd7b7b2b3","tableId":"{AB94A16F-3713-48E8-B1B6-4413C0C7BCF7}","012EFUUMZ5NPQHTTPXERCZ3ZGDEKK45HA5":"/Documents/Queue Handling in Service Now/Book1 - Copy.xlsx","01CIZFCRAHO3S3E3WXXFDINQC3FTBDKFNI":"/General/Queue Handling_Service Desk/Ticket_Assignment Queue.xlsx","01CIZFCRHC2X2QA4ZHMFEZ562MMG7QV3JG":"/General/BEP-INT_Queue Handling/Ticket_Assignment Queue.xlsx"},"type":"OpenApiConnection","inputs":{"host":{"apiId":"/providers/Microsoft.PowerApps/apis/shared_excelonlinebusiness","connectionName":"shared_excelonlinebusiness","operationId":"GetItems"},"parameters":{"source":"groups/7b519f4d-bbc1-439c-839a-ecca8e8b9cca","drive":"b!JQImw_Ysyk6GPfeO7xHQb3MJzR-wtoBCq4hb212GejpEj7fC_qZXQ4vWCdACy8xp","file":"/General/BEP INT_Queue Handling/EDI L1 Queue/Ticket_Assignment Queue.xlsx","table":"{AB94A16F-3713-48E8-B1B6-4413C0C7BCF7}"},"authentication":"@parameters('$authentication')"}}},"runAfter":{"Apply_to_each_14":["Succeeded"]},"metadata":{"operationMetadataId":"758e0969-0f4f-4be1-839b-dfce3d12eaa7"},"type":"Foreach"}}},"expression":{"contains":["@body('Select')","@items('Apply_to_each_13')?['u_owner_user']"]},"metadata":{"operationMetadataId":"72321be8-47b1-4177-a403-e6c01ebea861"},"type":"If"}},"runAfter":{"List_Records_Incidents_2":["Succeeded"]},"metadata":{"operationMetadataId":"96ae3c3c-ddd8-421c-8a97-42bb43afb2cb"},"type":"Foreach"},"List_Records__Requests_2":{"runAfter":{"Apply_to_each_13":["Succeeded"]},"metadata":{"operationMetadataId":"0eb35ea9-948f-4cc5-bad9-afd5e36478c7"},"type":"OpenApiConnection","inputs":{"host":{"apiId":"/providers/Microsoft.PowerApps/apis/shared_service-now","connectionName":"shared_service-now","operationId":"GetRecords"},"parameters":{"tableType":"sc_req_item","sysparm_display_value":true,"sysparm_exclude_reference_link":true,"sysparm_query":"assignment_group=6b0a1c244fc1fa405f1db7718110c7c4^active=true^state=1^assigned_toISEMPTY^caller_id!=f6ab45bddb0dba0060d3f1eabf961982"},"authentication":"@parameters('$authentication')"}},"Apply_to_each_16":{"foreach":"@outputs('List_Records__Requests_2')?['body/result']","actions":{"Apply_to_each_17":{"foreach":"@outputs('List_rows_present_in_a_table_4')?['body/value']","actions":{"Update_Record":{"runAfter":{},"metadata":{"operationMetadataId":"0d0a5d89-a16b-4c14-aad3-ef3d0943db54"},"type":"OpenApiConnection","inputs":{"host":{"apiId":"/providers/Microsoft.PowerApps/apis/shared_service-now","connectionName":"shared_service-now","operationId":"UpdateRecord"},"parameters":{"tableType":"sc_req_item","sysid":"@items('Apply_to_each_16')?['sys_id']","sysparm_display_value":false,"sysparm_exclude_reference_link":true,"body/assigned_to":"@items('Apply_to_each_17')?['Mail ID']"},"authentication":"@parameters('$authentication')"}},"Post_message_in_a_chat_or_channel_2":{"runAfter":{"Add_assigned_ticket_data_in_sheet_4":["Succeeded"]},"metadata":{"operationMetadataId":"5257e3e2-db16-4c99-859f-3e4ee86469f1"},"type":"OpenApiConnection","inputs":{"host":{"apiId":"/providers/Microsoft.PowerApps/apis/shared_teams","connectionName":"shared_teams","operationId":"PostMessageToConversation"},"parameters":{"poster":"Flow bot","location":"Chat with Flow bot","body/recipient":"@{items('Apply_to_each_17')?['Mail ID']};","body/messageBody":"<p>Hello @{items('Apply_to_each_17')?['Name']},<br>\n\"@{items('Apply_to_each_16')?['number']} has been assigned to you, Please action.\"</p>"},"authentication":"@parameters('$authentication')"}},"Add_assigned_ticket_data_in_sheet_4":{"runAfter":{"Update_Record":["Succeeded"]},"metadata":{"012EFUUM77TWHW2JHD5RH3PAPHDPLZWRKS":"/Documents/Queue Handling in Service Now/Book1.xlsx","operationMetadataId":"396e58dd-44f9-4f75-9718-58f81c06cc94","tableId":"{2930CAD5-1AD4-4B83-A756-C6C2A09BCC56}","012EFUUM7DSMPN4NDLJ5ELY43ABAOO6HEM":"/Documents/Queue Handling in Service Now/Automate Queue Handling Data.xlsx","012EFUUMZ5NPQHTTPXERCZ3ZGDEKK45HA5":"/Documents/Queue Handling in Service Now/Book1 - Copy.xlsx","01CIZFCRBOZ6ZKNV6HUFBJUV3QL6IR4SY3":"/General/BEP-INT_Queue Handling/Automate Queue Handling Data.xlsx"},"type":"OpenApiConnection","inputs":{"host":{"apiId":"/providers/Microsoft.PowerApps/apis/shared_excelonlinebusiness","connectionName":"shared_excelonlinebusiness","operationId":"AddRowV2"},"parameters":{"source":"groups/e9e57376-208e-49cd-ada4-7d8f9a795b63","drive":"b!cC5zM7SnG0yW06f2TU8j13UTzg2FzrFAk1flB7GIvt81ySZ7or9ASqZgBFnrwNfk","file":"/General/Others/EDI Queue Handling/Automate Queue Handling Data.xlsx","table":"{2930CAD5-1AD4-4B83-A756-C6C2A09BCC56}","item/TicketID":"@items('Apply_to_each_16')?['number']","item/Assigned to":"@items('Apply_to_each_17')?['Name']","item/APMID":"@items('Apply_to_each_17')?['APM ID']","item/Mail ID":"@items('Apply_to_each_17')?['Mail ID']","item/Flow run date":"@convertFromUtc(utcNow(), 'Singapore Standard Time', 'dd-MM-yyyy hh:mm')"},"authentication":"@parameters('$authentication')"}}},"runAfter":{"List_rows_present_in_a_table_4":["Succeeded"]},"metadata":{"operationMetadataId":"d7cbe91a-9131-429d-b0d7-8af08d8a175b"},"type":"Foreach"},"List_rows_present_in_a_table_4":{"runAfter":{},"metadata":{"012EFUUM77TWHW2JHD5RH3PAPHDPLZWRKS":"/Documents/Queue Handling in Service Now/Book1.xlsx","operationMetadataId":"6bb5749d-1963-4b94-a38b-d1abd7b7b2b3","tableId":"{AB94A16F-3713-48E8-B1B6-4413C0C7BCF7}","012EFUUMZ5NPQHTTPXERCZ3ZGDEKK45HA5":"/Documents/Queue Handling in Service Now/Book1 - Copy.xlsx","01CIZFCRAHO3S3E3WXXFDINQC3FTBDKFNI":"/General/Queue Handling_Service Desk/Ticket_Assignment Queue.xlsx","01CIZFCRHC2X2QA4ZHMFEZ562MMG7QV3JG":"/General/BEP-INT_Queue Handling/Ticket_Assignment Queue.xlsx"},"type":"OpenApiConnection","inputs":{"host":{"apiId":"/providers/Microsoft.PowerApps/apis/shared_excelonlinebusiness","connectionName":"shared_excelonlinebusiness","operationId":"GetItems"},"parameters":{"source":"groups/7b519f4d-bbc1-439c-839a-ecca8e8b9cca","drive":"b!JQImw_Ysyk6GPfeO7xHQb3MJzR-wtoBCq4hb212GejpEj7fC_qZXQ4vWCdACy8xp","file":"/General/BEP INT_Queue Handling/EDI L1 Queue/Ticket_Assignment Queue.xlsx","table":"{AB94A16F-3713-48E8-B1B6-4413C0C7BCF7}","$top":1},"authentication":"@parameters('$authentication')"}},"Apply_to_each_18":{"foreach":"@outputs('List_rows_present_in_a_table_4')?['body/value']","actions":{"Delete_a_row_12":{"runAfter":{},"metadata":{"operationMetadataId":"0024792f-226f-4a1d-ae11-6d01d3e54f5b","tableId":"{AB94A16F-3713-48E8-B1B6-4413C0C7BCF7}","012EFUUMZ5NPQHTTPXERCZ3ZGDEKK45HA5":"/Documents/Queue Handling in Service Now/Book1 - Copy.xlsx","01CIZFCRAHO3S3E3WXXFDINQC3FTBDKFNI":"/General/Queue Handling_Service Desk/Ticket_Assignment Queue.xlsx","01CIZFCRHC2X2QA4ZHMFEZ562MMG7QV3JG":"/General/BEP-INT_Queue Handling/Ticket_Assignment Queue.xlsx"},"type":"OpenApiConnection","inputs":{"host":{"apiId":"/providers/Microsoft.PowerApps/apis/shared_excelonlinebusiness","connectionName":"shared_excelonlinebusiness","operationId":"DeleteItem"},"parameters":{"source":"groups/7b519f4d-bbc1-439c-839a-ecca8e8b9cca","drive":"b!JQImw_Ysyk6GPfeO7xHQb3MJzR-wtoBCq4hb212GejpEj7fC_qZXQ4vWCdACy8xp","file":"/General/BEP INT_Queue Handling/EDI L1 Queue/Ticket_Assignment Queue.xlsx","table":"{AB94A16F-3713-48E8-B1B6-4413C0C7BCF7}","idColumn":"APM ID","id":"@items('Apply_to_each_18')?['APM ID']"},"authentication":"@parameters('$authentication')"}},"Add_a_row_into_a_table_6":{"runAfter":{"Delay_10":["Succeeded"]},"metadata":{"operationMetadataId":"ee18b4df-e363-4f0e-9733-0fbc875f4656","tableId":"{AB94A16F-3713-48E8-B1B6-4413C0C7BCF7}","012EFUUMZ5NPQHTTPXERCZ3ZGDEKK45HA5":"/Documents/Queue Handling in Service Now/Book1 - Copy.xlsx","01CIZFCRHC2X2QA4ZHMFEZ562MMG7QV3JG":"/General/BEP-INT_Queue Handling/Ticket_Assignment Queue.xlsx"},"type":"OpenApiConnection","inputs":{"host":{"apiId":"/providers/Microsoft.PowerApps/apis/shared_excelonlinebusiness","connectionName":"shared_excelonlinebusiness","operationId":"AddRowV2"},"parameters":{"source":"groups/7b519f4d-bbc1-439c-839a-ecca8e8b9cca","drive":"b!JQImw_Ysyk6GPfeO7xHQb3MJzR-wtoBCq4hb212GejpEj7fC_qZXQ4vWCdACy8xp","file":"/General/BEP INT_Queue Handling/EDI L1 Queue/Ticket_Assignment Queue.xlsx","table":"{AB94A16F-3713-48E8-B1B6-4413C0C7BCF7}","item/Name":"@items('Apply_to_each_18')?['Name']","item/APM ID":"@items('Apply_to_each_18')?['APM ID']","item/Mail ID":"@items('Apply_to_each_18')?['Mail ID']"},"authentication":"@parameters('$authentication')"}},"Delay_10":{"runAfter":{"Delete_a_row_12":["Succeeded"]},"metadata":{"operationMetadataId":"cd60029a-0c8d-40f7-bc78-c98e41b18108"},"type":"Wait","inputs":{"interval":{"count":5,"unit":"Second"}}}},"runAfter":{"Apply_to_each_17":["Succeeded"]},"metadata":{"operationMetadataId":"2cc12550-653d-4be7-9e91-7b6cec19bb2d"},"type":"Foreach"},"Delay_9":{"runAfter":{"Apply_to_each_18":["Succeeded"]},"metadata":{"operationMetadataId":"cd60029a-0c8d-40f7-bc78-c98e41b18108"},"type":"Wait","inputs":{"interval":{"count":5,"unit":"Second"}}}},"runAfter":{"List_Records__Requests_2":["Succeeded"]},"metadata":{"operationMetadataId":"96ae3c3c-ddd8-421c-8a97-42bb43afb2cb"},"type":"Foreach"},"Filter_array":{"runAfter":{"List_rows_present_in_ticket_assignment_count_sheet":["Succeeded"]},"metadata":{"operationMetadataId":"2b938ce9-646a-4057-ab4b-4e906a86ea23"},"type":"Query","inputs":{"from":"@outputs('List_rows_present_in_ticket_assignment_count_sheet')?['body/value']","where":"@not(equals(item()?['APM ID'], ''))"}},"Select":{"runAfter":{"Filter_array":["Succeeded"]},"metadata":{"operationMetadataId":"7c8cee43-f382-40df-ac5f-5fcb12eef1fb"},"type":"Select","inputs":{"from":"@body('Filter_array')","select":"@item()['Name']"}},"List_rows_present_in_ticket_assignment_count_sheet":{"runAfter":{"Apply_to_each_10":["Succeeded"]},"metadata":{"012EFUUM77TWHW2JHD5RH3PAPHDPLZWRKS":"/Documents/Queue Handling in Service Now/Book1.xlsx","operationMetadataId":"364e8d65-017b-40c7-bc28-08878453d3b0","tableId":"{AB94A16F-3713-48E8-B1B6-4413C0C7BCF7}","01CIZFCRAHO3S3E3WXXFDINQC3FTBDKFNI":"/General/Queue Handling_Service Desk/Ticket_Assignment Queue.xlsx","01CIZFCRHC2X2QA4ZHMFEZ562MMG7QV3JG":"/General/BEP-INT_Queue Handling/Ticket_Assignment Queue.xlsx","01CIZFCRHIMYOTXDJ5O5CJ4CN3LI7QGVXT":"/General/BEP INT_Queue Handling/EDI L1 Queue/Ticket_Assignment Queue.xlsx"},"type":"OpenApiConnection","inputs":{"host":{"apiId":"/providers/Microsoft.PowerApps/apis/shared_excelonlinebusiness","connectionName":"shared_excelonlinebusiness","operationId":"GetItems"},"parameters":{"source":"groups/7b519f4d-bbc1-439c-839a-ecca8e8b9cca","drive":"b!JQImw_Ysyk6GPfeO7xHQb3MJzR-wtoBCq4hb212GejpEj7fC_qZXQ4vWCdACy8xp","file":"01CIZFCRHIMYOTXDJ5O5CJ4CN3LI7QGVXT","table":"{AB94A16F-3713-48E8-B1B6-4413C0C7BCF7}"},"authentication":"@parameters('$authentication')"}},"Initialize_variable":{"runAfter":{},"metadata":{"operationMetadataId":"fc083765-6928-462f-97a5-f25e64f10bd4"},"type":"InitializeVariable","inputs":{"variables":[{"name":"OwnerName","type":"string"}]}},"Delay":{"runAfter":{"List_rows_present_in_LogIn_LogOut_Time_sheet_2":["Succeeded"]},"metadata":{"operationMetadataId":"5bc32f62-fa02-4ba3-aada-bb88796086f1"},"type":"Wait","inputs":{"interval":{"count":5,"unit":"Second"}}}}},"connectionReferences":{"shared_excelonlinebusiness":{"connectionName":"shared-excelonlinebu-26a9fe66-8544-4751-9f29-ccd101683ca9","source":"Embedded","id":"/providers/Microsoft.PowerApps/apis/shared_excelonlinebusiness","tier":"NotSpecified"},"shared_excelonlinebusiness_1":{"connectionName":"shared-excelonlinebu-f36c77d7-2fca-4ec1-84b9-c98836e81dd3","source":"Embedded","id":"/providers/Microsoft.PowerApps/apis/shared_excelonlinebusiness","tier":"NotSpecified"},"shared_service-now":{"connectionName":"shared-service-now-997dbb9a-cd99-4b91-83ce-8795d5703bf1","source":"Embedded","id":"/providers/Microsoft.PowerApps/apis/shared_service-now","tier":"NotSpecified"},"shared_teams":{"connectionName":"shared-teams-0615ed50-1b03-408e-8ec3-8afa2c2bc3d6","source":"Embedded","id":"/providers/Microsoft.PowerApps/apis/shared_teams","tier":"NotSpecified"}},"flowFailureAlertSubscribed":false,"isManaged":false}}