{"name":"4467d2c5-be51-48d1-91e2-5705ef56a114","id":"/providers/Microsoft.Flow/flows/4467d2c5-be51-48d1-91e2-5705ef56a114","type":"Microsoft.Flow/flows","properties":{"apiId":"/providers/Microsoft.PowerApps/apis/shared_logicflows","displayName":"Copy of - Modified AIRLCL Mail sending","definition":{"metadata":{"workflowEntityId":null,"processAdvisorMetadata":null,"flowChargedByPaygo":null,"flowclientsuspensionreason":"None","flowclientsuspensiontime":null,"flowclientsuspensionreasondetails":null,"creator":{"id":"6229caa9-7645-4859-a155-d23671951d42","type":"User","tenantId":"05d75c05-fa1a-42e7-9cf1-eb416c396f2d"},"provisioningMethod":"FromDefinition","failureAlertSubscription":true,"clientLastModifiedTime":"2024-10-01T16:33:19.1940806Z","connectionKeySavedTimeKey":"2024-10-01T16:33:19.1940806Z"},"$schema":"https://schema.management.azure.com/providers/Microsoft.Logic/schemas/2016-06-01/workflowdefinition.json#","contentVersion":"1.0.0.0","parameters":{"$connections":{"defaultValue":{},"type":"Object"},"$authentication":{"defaultValue":{},"type":"SecureObject"}},"triggers":{"Recurrence":{"recurrence":{"frequency":"Day","interval":1,"timeZone":"India Standard Time","schedule":{"hours":["11","17","10"],"minutes":[2]}},"metadata":{"operationMetadataId":"80a5f76b-d6ff-4bce-b34f-ef0127a3af3f"},"type":"Recurrence"}},"actions":{"List_rows_present_in_a_table":{"runAfter":{"Initialize_variable_2":["Succeeded"]},"metadata":{"012EFUUM6OXCIMANMY3FE3QX2WCATQONWJ":"/Documents/Seeburger & AIRLCL Use Case/NewTest_AIRLCL Notification Data - Copy.xlsx","operationMetadataId":"afa9f656-de1a-42e6-978d-0f90fa9828df","tableId":"{AD8DE50A-6753-4BAB-9AD2-DFE78FF50B0A}","01WASUEWAIUWUOJGIRVZH2WQBSSGHCE7H6":"/General/AIRLCL/Modified_AIRLCL Notification Data - Copy.xlsx"},"type":"OpenApiConnection","inputs":{"host":{"apiId":"/providers/Microsoft.PowerApps/apis/shared_excelonlinebusiness","connectionName":"shared_excelonlinebusiness","operationId":"GetItems"},"parameters":{"source":"groups/56fdfaf9-3c88-4f81-bd81-619cf5a44d9e","drive":"b!rvlYkZDnrEeE6AMTMhFQ3Gisan59IApKjGWrbIRcUx3MQv9QYniJQY3Go2rc-XXt","file":"01WASUEWAIUWUOJGIRVZH2WQBSSGHCE7H6","table":"{AD8DE50A-6753-4BAB-9AD2-DFE78FF50B0A}","$filter":"MailSent eq 'Y'","dateTimeFormat":"ISO 8601"},"authentication":"@parameters('$authentication')"}},"Select":{"runAfter":{"Styling":["Succeeded"]},"metadata":{"operationMetadataId":"86c6a606-9cfd-48ff-b5d7-d37631f18fde"},"type":"Select","inputs":{"from":"@outputs('List_rows_present_in_a_table')?['body/value']","select":"@item()?['Incidents']"}},"Unique_Incident":{"runAfter":{"Select":["Succeeded"]},"metadata":{"operationMetadataId":"20fd9559-2576-4cfe-ba68-a725e2b66dfc"},"type":"Compose","inputs":"@union(body('Select'),body('Select'))"},"Apply_to_each_2":{"foreach":"@outputs('Unique_Incident')","actions":{"Filter_array":{"runAfter":{},"metadata":{"operationMetadataId":"c2329afc-2673-40b0-956f-bff6d1ec3c38"},"type":"Query","inputs":{"from":"@outputs('List_rows_present_in_a_table')?['body/value']","where":"@equals(item()?['Incidents'], items('Apply_to_each_2'))"}},"Select_2":{"runAfter":{"Filter_array":["Succeeded"]},"metadata":{"operationMetadataId":"04f5efc7-e284-45e5-a247-d76b2ff423d5"},"type":"Select","inputs":{"from":"@body('Filter_array')","select":{"Message Type":"@item()['Message Type']","Resource":"@item()['Resource']","Document Name":"@item()['Document Name']","Start Processing Time":"@formatDateTime(item()['Start Processing Time'],'dd-MM-yyyy hh:mm:ss')"}}},"Create_HTML_table":{"runAfter":{"EmailID_Partner":["Succeeded"]},"metadata":{"operationMetadataId":"17310f79-5b5b-4d46-bb0e-bee75b172c7f"},"type":"Table","inputs":{"from":"@body('Select_2')","format":"HTML"}},"Select_3":{"runAfter":{"Select_2":["Succeeded"]},"metadata":{"operationMetadataId":"8748ae52-461c-4eb8-ba68-6eac1b8d3119"},"type":"Select","inputs":{"from":"@body('Filter_array')","select":{"Partner ID":"@item()['Partner ID']","Damco Contact":"@item()['Damco Contact']"}}},"Partner_ID":{"runAfter":{"Select_4":["Succeeded"]},"metadata":{"operationMetadataId":"10b2ca75-15a1-497b-8a56-1a5c43e7891f"},"type":"Compose","inputs":"@join(union(body('Select_4'),body('Select_4')),'')"},"Error_Details":{"runAfter":{"Select_3":["Succeeded"]},"metadata":{"operationMetadataId":"1d4603aa-02c7-4799-b798-01fd6ab31154"},"type":"Select","inputs":{"from":"@body('Filter_array')","select":"@item()['Error Details']"}},"Partner_Email":{"runAfter":{"Partner_ID":["Succeeded"]},"metadata":{"operationMetadataId":"9584dafe-5349-4f64-a586-ef6358aee547"},"type":"Select","inputs":{"from":"@body('Select_3')","select":"@item()['Damco Contact']"}},"EmailID_Partner":{"runAfter":{"Partner_Email":["Succeeded"]},"metadata":{"operationMetadataId":"77cd542c-e120-491a-b187-60a9b419d59c"},"type":"Compose","inputs":"@join(body('Partner_Email'),';')"},"Select_4":{"runAfter":{"Output_ErrorDetails":["Succeeded"]},"metadata":{"operationMetadataId":"8748ae52-461c-4eb8-ba68-6eac1b8d3119"},"type":"Select","inputs":{"from":"@body('Filter_array')","select":"@item()['Partner ID']"}},"Output_ErrorDetails":{"runAfter":{"Error_Details":["Succeeded"]},"metadata":{"operationMetadataId":"f9385c40-90d3-441d-9ff0-ea0ef436ad13"},"type":"Compose","inputs":"@union(body('Error_Details'),body('Error_Details'))"},"Compose":{"runAfter":{"Create_HTML_table":["Succeeded"]},"metadata":{"operationMetadataId":"f5166f15-4ceb-469e-bb07-30e8ce586af7"},"type":"Compose","inputs":"@encodeUriComponent(concat('/Shared Documents/General/Bicmapping/Attachment/',items('Apply_to_each_2')))"},"Set_variable_2":{"runAfter":{"Send_an_email_(V2)":["Succeeded"]},"metadata":{"operationMetadataId":"fd9d4161-31ca-4d99-be2a-5e246ff3b140"},"type":"SetVariable","inputs":{"name":"FileContent","value":"@variables('Empty')"}},"List_folder":{"runAfter":{"Compose":["Succeeded"]},"metadata":{"%252fShared%2bDocuments%252fGeneral%252fBicmapping%252fAttachment_ZIP":"/Shared Documents/General/Bicmapping/Attachment_ZIP","operationMetadataId":"8917ac4d-11f1-434c-b99e-eaddb963ce5c"},"type":"OpenApiConnection","inputs":{"host":{"apiId":"/providers/Microsoft.PowerApps/apis/shared_sharepointonline","connectionName":"shared_sharepointonline","operationId":"ListFolder"},"parameters":{"dataset":"https://teamsite.maerskgroup.com/teams/TestBOTgroup","id":"@outputs('Compose')"},"authentication":"@parameters('$authentication')"}},"Filter_array_2":{"runAfter":{"List_folder":["Succeeded"]},"metadata":{"operationMetadataId":"47a2fc87-7756-4c12-87ce-c9d5658a9a59"},"type":"Query","inputs":{"from":"@body('List_folder')","where":"@contains(outputs('Unique_Incident'), substring(item()?['DisplayName'], 0, indexOf(item()?['DisplayName'], '.')))"}},"Apply_to_each_3":{"foreach":"@body('List_folder')","actions":{"Get_file_content_2":{"runAfter":{},"metadata":{"operationMetadataId":"915b0731-e975-4220-9b85-3722301fc073"},"type":"OpenApiConnection","inputs":{"host":{"apiId":"/providers/Microsoft.PowerApps/apis/shared_sharepointonline","connectionName":"shared_sharepointonline","operationId":"GetFileContent"},"parameters":{"dataset":"https://teamsite.maerskgroup.com/teams/TestBOTgroup","id":"@item()?['Id']","inferContentType":true},"authentication":"@parameters('$authentication')"}},"Append_to_array_variable_2":{"runAfter":{"Get_file_content_2":["Succeeded"]},"metadata":{"operationMetadataId":"f38f998d-294b-4694-9cde-44503e37eba0"},"type":"AppendToArrayVariable","inputs":{"name":"FileContent","value":{"Name":"@item()?['Name']","ContentBytes":"@body('Get_file_content_2')"}}}},"runAfter":{"Filter_array_2":["Succeeded"]},"metadata":{"operationMetadataId":"dda66200-7170-42e1-8c0b-dfaa95be2cf9"},"type":"Foreach"},"Send_an_email_(V2)":{"runAfter":{"Apply_to_each_3":["Succeeded"]},"metadata":{"operationMetadataId":"6a1097e4-0ed0-4418-8688-f55892a92ea5"},"type":"OpenApiConnection","inputs":{"host":{"apiId":"/providers/Microsoft.PowerApps/apis/shared_office365","connectionName":"shared_office365_1","operationId":"SendEmailV2"},"parameters":{"emailMessage/To":"@outputs('EmailID_Partner')","emailMessage/Subject":"@{items('Apply_to_each_2')}-@{outputs('Partner_ID')}/  AIRLCL_EVENTS failed","emailMessage/Body":"<p>Hi Team,<br>\n@{outputs('Partner_ID')} Failed to process due to below error. Appreciate to amend and resend.<br>\n<br>\n<strong>Erro Details:</strong> @{outputs('Output_ErrorDetails')}<br>\n@{outputs('Styling')}@{body('Create_HTML_table')}<br>\n<br>\nIf there is any query regarding this matter, please send an e-mail to eBIS_Support@maersk.com.<br>\n<br>\nBest Regards,<br>\nMaersk eBIS Support<br>\n<br>\n<br>\n<br>\n</p>","emailMessage/From":"eBIS_Support@maersk.com","emailMessage/Cc":"Maersk@service-now.com;XDEDINAPSPSTeam@Maersk.com","emailMessage/Bcc":"sejal.j@maersk.com","emailMessage/Attachments":"@variables('FileContent')","emailMessage/Importance":"Normal"},"authentication":"@parameters('$authentication')"}}},"runAfter":{"Unique_Incident":["Succeeded"]},"metadata":{"operationMetadataId":"84a06b5e-e7f3-4554-a146-3e948631a13b"},"type":"Foreach"},"Styling":{"runAfter":{"List_rows_present_in_a_table":["Succeeded"]},"metadata":{"operationMetadataId":"5720f545-c498-4244-832f-bbddafd50401"},"type":"Compose","inputs":"<style>\ntable {\n  border: 1px solid \"black\";\n  background-color: \"white\";\n  width: 100%;\n  text-align: left;\n  border-collapse: collapse;\n}\ntable td, table th {\n  border: 1px solid #000000;\n  padding: 3px 2px;\n}\ntable tbody td {\n  font-size: 13px;\n}\ntable thead {\n  background: \"black\";\n  border-bottom: 2px solid #000000;\n}\ntable thead th {\n  font-size: 15px;\n  font-weight: bold;\n  color: black;\n  border-left: 2px solid #000000;\n}\ntable thead th:first-child {\n  border-left: none;\n}\n</style>"},"Apply_to_each":{"foreach":"@outputs('List_rows_present_in_a_table')?['body/value']","actions":{"List_Records":{"runAfter":{},"metadata":{"operationMetadataId":"cc8369cc-453f-4a31-b9ce-90d1cbd5a9dd"},"type":"OpenApiConnection","inputs":{"host":{"apiId":"/providers/Microsoft.PowerApps/apis/shared_service-now","connectionName":"shared_service-now","operationId":"GetRecords"},"parameters":{"tableType":"incident","sysparm_display_value":true,"sysparm_exclude_reference_link":true,"sysparm_query":"number=@{items('Apply_to_each')?['Incidents']}"},"authentication":"@parameters('$authentication')"}},"Apply_to_each_6":{"foreach":"@outputs('List_Records')?['body/result']","actions":{"HTTP":{"runAfter":{},"metadata":{"operationMetadataId":"e9827c44-d60a-4b4a-b7fa-3529e92db316"},"type":"Http","inputs":{"method":"PATCH","uri":"https://maersk.service-now.com/api/now/v1/table/incident/@{items('Apply_to_each_6')?['sys_id']}?sysparm_exclude_ref_link=true","headers":{"Accept":"application/json","Content-Type":"application/json;charset = UTF-8","Server":"ServiceNow","X-is-logged-in":"true"},"queries":{"number":"@items('Apply_to_each_6')?['number']","incident.state":"6","incident.close_code":"Solved (Automation)","incident.assigned_to":"2366ee591b466d10358ded38b04bcb4f"},"body":{"comments":"Error Details: Action: Partner Notified","assigned_to":"2366ee591b466d10358ded38b04bcb4f","state":"6","close_code":"Solved (Automation)","close_notes":"Closure of the ticket from Automation. Notification has been sent to partner Email, with required details."},"authentication":{"type":"Basic","username":"Tech_Support","password":":hT}@_whX@s8Jhn$j6NXtr)^Q!{ePJ,;QvdV]1S6"}}}},"runAfter":{"List_Records":["Succeeded"]},"metadata":{"operationMetadataId":"9a1a7d18-b211-4f7d-889b-e23a81151e32"},"type":"Foreach"},"Update_a_row":{"runAfter":{"Apply_to_each_6":["Succeeded"]},"metadata":{"012EFUUM6OXCIMANMY3FE3QX2WCATQONWJ":"/Documents/Seeburger & AIRLCL Use Case/NewTest_AIRLCL Notification Data - Copy.xlsx","operationMetadataId":"6b0f2cdc-a03a-46bc-80f8-5d13638e0f70","tableId":"{AD8DE50A-6753-4BAB-9AD2-DFE78FF50B0A}","01WASUEWAIUWUOJGIRVZH2WQBSSGHCE7H6":"/General/AIRLCL/Modified_AIRLCL Notification Data - Copy.xlsx"},"type":"OpenApiConnection","inputs":{"host":{"apiId":"/providers/Microsoft.PowerApps/apis/shared_excelonlinebusiness","connectionName":"shared_excelonlinebusiness","operationId":"PatchItem"},"parameters":{"source":"groups/56fdfaf9-3c88-4f81-bd81-619cf5a44d9e","drive":"b!rvlYkZDnrEeE6AMTMhFQ3Gisan59IApKjGWrbIRcUx3MQv9QYniJQY3Go2rc-XXt","file":"01WASUEWAIUWUOJGIRVZH2WQBSSGHCE7H6","table":"{AD8DE50A-6753-4BAB-9AD2-DFE78FF50B0A}","idColumn":"Sno","id":"@items('Apply_to_each')?['Sno']","item/Resource":"@split(item()['Resource'],' .txt')[0]","item/MailSent":"Email Sent","item/ Resolved Status":"Resolved"},"authentication":"@parameters('$authentication')"}}},"runAfter":{"Apply_to_each_2":["Succeeded"]},"metadata":{"operationMetadataId":"e14e6d24-db1d-4403-9894-3cdb15f5ab0d"},"type":"Foreach"},"Initialize_variable":{"runAfter":{},"metadata":{"operationMetadataId":"ff8a5d9b-bdaa-4a3f-8832-dea61ab03864"},"type":"InitializeVariable","inputs":{"variables":[{"name":"Empty","type":"array"}]}},"Initialize_variable_2":{"runAfter":{"Initialize_variable":["Succeeded"]},"metadata":{"operationMetadataId":"cd583918-8a8c-4153-a3f5-de7121b64c39"},"type":"InitializeVariable","inputs":{"variables":[{"name":"FileContent","type":"array"}]}},"Terminate_2":{"runAfter":{"Apply_to_each":["Succeeded"]},"metadata":{"operationMetadataId":"03d161f9-163d-4212-92d9-42e133a8e1b8"},"type":"Terminate","inputs":{"runStatus":"Succeeded"}}}},"connectionReferences":{"shared_excelonlinebusiness":{"connectionName":"shared-excelonlinebu-a86714fd-5a75-4fe5-a246-7a8cadbd6e4a","source":"Embedded","id":"/providers/Microsoft.PowerApps/apis/shared_excelonlinebusiness","tier":"NotSpecified"},"shared_sharepointonline":{"connectionName":"shared-sharepointonl-6410e941-c8c8-4fc2-9a7e-0723ca662b25","source":"Embedded","id":"/providers/Microsoft.PowerApps/apis/shared_sharepointonline","tier":"NotSpecified"},"shared_office365_1":{"connectionName":"9bc74ae00f6e4196a08a43068854cfd4","source":"Embedded","id":"/providers/Microsoft.PowerApps/apis/shared_office365","tier":"NotSpecified"},"shared_service-now":{"connectionName":"c793663feabf48efbe4a668fa1a05e30","source":"Embedded","id":"/providers/Microsoft.PowerApps/apis/shared_service-now","tier":"NotSpecified"}},"flowFailureAlertSubscribed":false,"isManaged":false}}