{"name":"2fee9fa3-c5fe-4ed8-9ca2-9b35cb6c7cb7","id":"/providers/Microsoft.Flow/flows/2fee9fa3-c5fe-4ed8-9ca2-9b35cb6c7cb7","type":"Microsoft.Flow/flows","properties":{"apiId":"/providers/Microsoft.PowerApps/apis/shared_logicflows","displayName":"Modified Seeburger Auto Closure of Tickets","definition":{"metadata":{"workflowEntityId":null,"processAdvisorMetadata":null,"flowChargedByPaygo":null,"flowclientsuspensionreason":"None","flowclientsuspensiontime":null,"flowclientsuspensionreasondetails":null,"creator":{"id":"e8104115-8f81-4120-a9e6-8e32c54151d1","type":"User","tenantId":"05d75c05-fa1a-42e7-9cf1-eb416c396f2d"},"provisioningMethod":"FromDefinition","failureAlertSubscription":true,"clientLastModifiedTime":"2024-05-31T04:10:25.3269338Z","connectionKeySavedTimeKey":"2024-05-31T04:10:25.3269338Z"},"$schema":"https://schema.management.azure.com/providers/Microsoft.Logic/schemas/2016-06-01/workflowdefinition.json#","contentVersion":"1.0.0.0","parameters":{"$connections":{"defaultValue":{},"type":"Object"},"$authentication":{"defaultValue":{},"type":"SecureObject"}},"triggers":{"Recurrence":{"recurrence":{"frequency":"Day","interval":1,"timeZone":"India Standard Time","schedule":{"hours":["11"],"minutes":[5]}},"metadata":{"operationMetadataId":"62e237be-c103-49e1-a20e-f7be0f02d503"},"type":"Recurrence"}},"actions":{"List_Records":{"runAfter":{},"metadata":{"operationMetadataId":"e2384150-7c57-4224-813d-6642b54eb42f"},"type":"OpenApiConnection","inputs":{"host":{"apiId":"/providers/Microsoft.PowerApps/apis/shared_service-now","connectionName":"shared_service-now_1","operationId":"GetRecords"},"parameters":{"tableType":"incident","sysparm_display_value":true,"sysparm_exclude_reference_link":true,"sysparm_query":"assignment_group=0c0bf4d51b0e0110358ded38b04bcb30^active=true^state=1^caller_id=12bc164efb4ec65cb643f197beefdc67^cmdb_ci=0210f7491be7c9d464f9ed32b24bcba7"},"authentication":"@parameters('$authentication')"}},"Apply_to_each":{"foreach":"@outputs('List_Records')?['body/result']","actions":{"Work_Notes":{"runAfter":{},"metadata":{"operationMetadataId":"1f202721-8f81-44e5-be55-e758dd6cf51b"},"type":"Compose","inputs":"@items('Apply_to_each')?['work_notes']"},"HostTPM":{"runAfter":{"Work_Notes":["Succeeded"]},"metadata":{"operationMetadataId":"25ea9b5a-7157-46b2-a21b-f5271162d500"},"type":"Compose","inputs":"@trim(split(split(outputs('Work_Notes'),'HostTPM = ')[1],variables('ENTER'))[0])"},"PartnerTPM":{"runAfter":{"HostTPM":["Succeeded"]},"metadata":{"operationMetadataId":"c383cdf2-7f90-4ac8-8af9-71f82e6b03b7"},"type":"Compose","inputs":"@trim(split(split(outputs('Work_Notes'),'PartnerTPM = ')[1],variables('ENTER'))[0])"},"PartnerID":{"runAfter":{"PartnerTPM":["Succeeded"]},"metadata":{"operationMetadataId":"3c56fee9-c9ba-4400-9d31-4f69ccd9d111"},"type":"Compose","inputs":"@trim(split(split(outputs('Work_Notes'),'PartnerID = ')[1],variables('ENTER'))[0])"},"ErrorStatusInfo":{"runAfter":{"PartnerID":["Succeeded"]},"metadata":{"operationMetadataId":"04f14610-00cc-4f36-b176-49643e9bb825"},"type":"Compose","inputs":"@trim(split(split(outputs('Work_Notes'),'ErrorStatusinfo = ')[1],variables('ENTER'))[0])"},"Condition":{"actions":{"Condition_2":{"actions":{"Add_a_row_into_a_table":{"runAfter":{},"metadata":{"012EFUUM3RC2ABBFBISZALOWOMWM4DQICR":"/Documents/Seeburger Use Case/Seeburger Data_For Auto Closure.xlsx","operationMetadataId":"ac4e1c88-082f-462d-96c2-7876fec9aebe","tableId":"{02C97930-B2D7-47BD-8EDC-959E98610591}"},"type":"OpenApiConnection","inputs":{"host":{"apiId":"/providers/Microsoft.PowerApps/apis/shared_excelonlinebusiness","connectionName":"shared_excelonlinebusiness","operationId":"AddRowV2"},"parameters":{"source":"me","drive":"b!zJpPG1MWTkitjHF3FSsfyDyDU35n03hPiKzoDYbuKu9El3fsQfisR7qi3fmPtG4r","file":"012EFUUM3RC2ABBFBISZALOWOMWM4DQICR","table":"{02C97930-B2D7-47BD-8EDC-959E98610591}","item/Serial No":"@variables('Serial No')","item/ID":"@items('Apply_to_each')?['number']","item/Short Description":"@items('Apply_to_each')?['short_description']","item/Incident State":"@items('Apply_to_each')?['state']","item/Configuration Item":"@items('Apply_to_each')?['cmdb_ci']","item/Assignment Group":"@items('Apply_to_each')?['assignment_group']","item/FaultDetail_HostTPM":"@outputs('HostTPM')","item/FaultDetail_PartnerTPM":"@outputs('PartnerTPM')","item/FaultDetail_PartnerID":"@outputs('PartnerID')","item/FaultDetail_ErrorStatusinfo":"@outputs('ErrorStatusInfo')","item/System ID":"@items('Apply_to_each')?['sys_id']","item/Flow run date":"@convertFromUtc(utcNow(), 'India Standard Time', 'dd-MMM-yyyy hh:mm')"},"authentication":"@parameters('$authentication')"}}},"runAfter":{},"expression":{"and":[{"equals":["@outputs('HostTPM')","NOT_SET"]},{"equals":["@outputs('PartnerTPM')","NOT_SET"]},{"contains":["@outputs('PartnerID')","NOT_SET"]},{"contains":["@outputs('ErrorStatusInfo')","ERR:NOT_SET:MAIL_NO_ATTACHMENT"]}]},"metadata":{"operationMetadataId":"3cdd8e3a-8047-402f-9a74-e087ef189dfe"},"type":"If"},"Increment_variable_3":{"runAfter":{"Condition_2":["Succeeded"]},"metadata":{"operationMetadataId":"cec48c53-aa65-4704-b4bb-5388f947d6b6"},"type":"IncrementVariable","inputs":{"name":"Serial No","value":1}}},"runAfter":{"ErrorStatusInfo":["Succeeded"]},"expression":{"contains":["@items('Apply_to_each')?['short_description']","NOT_SET | NOT_SET | $[DIRECTION] | Other_Types_of_Error | NOT_SET"]},"metadata":{"operationMetadataId":"ae928efe-ebc4-47e1-9143-f6a1cf10ec20"},"type":"If"},"Condition_5":{"actions":{"Condition_6":{"actions":{"Add_a_row_into_a_table_2":{"runAfter":{},"metadata":{"012EFUUM3RC2ABBFBISZALOWOMWM4DQICR":"/Documents/Seeburger Use Case/Seeburger Data_For Auto Closure.xlsx","operationMetadataId":"ac4e1c88-082f-462d-96c2-7876fec9aebe","tableId":"{02C97930-B2D7-47BD-8EDC-959E98610591}"},"type":"OpenApiConnection","inputs":{"host":{"apiId":"/providers/Microsoft.PowerApps/apis/shared_excelonlinebusiness","connectionName":"shared_excelonlinebusiness","operationId":"AddRowV2"},"parameters":{"source":"me","drive":"b!zJpPG1MWTkitjHF3FSsfyDyDU35n03hPiKzoDYbuKu9El3fsQfisR7qi3fmPtG4r","file":"012EFUUM3RC2ABBFBISZALOWOMWM4DQICR","table":"{02C97930-B2D7-47BD-8EDC-959E98610591}","item/Serial No":"@variables('Serial No')","item/ID":"@items('Apply_to_each')?['number']","item/Short Description":"@items('Apply_to_each')?['short_description']","item/Incident State":"@items('Apply_to_each')?['state']","item/Configuration Item":"@items('Apply_to_each')?['cmdb_ci']","item/Assignment Group":"@items('Apply_to_each')?['assignment_group']","item/FaultDetail_HostTPM":"@outputs('HostTPM')","item/FaultDetail_PartnerTPM":"@outputs('PartnerTPM')","item/FaultDetail_PartnerID":"@outputs('PartnerID')","item/FaultDetail_ErrorStatusinfo":"@outputs('ErrorStatusInfo')","item/System ID":"@items('Apply_to_each')?['sys_id']","item/Flow run date":"@convertFromUtc(utcNow(), 'India Standard Time', 'dd-MMM-yyyy hh:mm')"},"authentication":"@parameters('$authentication')"}},"Increment_variable":{"runAfter":{"Add_a_row_into_a_table_2":["Succeeded"]},"metadata":{"operationMetadataId":"cec48c53-aa65-4704-b4bb-5388f947d6b6"},"type":"IncrementVariable","inputs":{"name":"Serial No","value":1}}},"runAfter":{},"expression":{"and":[{"equals":["@outputs('HostTPM')","/B2B.4 - Own Systems/MAERSK/AMPS"]},{"equals":["@outputs('PartnerTPM')","NOT_SET"]},{"equals":["@outputs('PartnerID')","INTTRA"]},{"equals":["@outputs('ErrorStatusInfo')","ERR:acConditionalStop:5.3"]}]},"metadata":{"operationMetadataId":"b27e3781-d552-4068-9a84-c0bc7bdf9295"},"type":"If"}},"runAfter":{"ErrorStatusInfo":["Succeeded"]},"expression":{"contains":["@items('Apply_to_each')?['short_description']","INTTRA | XML | OUT | User Defined Error | SSC-OUT-HTTP"]},"metadata":{"operationMetadataId":"e15e70d2-e217-4dc7-951f-3ba94b084320"},"type":"If"},"Condition_9":{"actions":{"Condition_10":{"actions":{"Add_a_row_into_a_table_3":{"runAfter":{},"metadata":{"012EFUUM3RC2ABBFBISZALOWOMWM4DQICR":"/Documents/Seeburger Use Case/Seeburger Data_For Auto Closure.xlsx","operationMetadataId":"ac4e1c88-082f-462d-96c2-7876fec9aebe","tableId":"{02C97930-B2D7-47BD-8EDC-959E98610591}"},"type":"OpenApiConnection","inputs":{"host":{"apiId":"/providers/Microsoft.PowerApps/apis/shared_excelonlinebusiness","connectionName":"shared_excelonlinebusiness","operationId":"AddRowV2"},"parameters":{"source":"me","drive":"b!zJpPG1MWTkitjHF3FSsfyDyDU35n03hPiKzoDYbuKu9El3fsQfisR7qi3fmPtG4r","file":"012EFUUM3RC2ABBFBISZALOWOMWM4DQICR","table":"{02C97930-B2D7-47BD-8EDC-959E98610591}","item/Serial No":"@variables('Serial No')","item/ID":"@items('Apply_to_each')?['number']","item/Short Description":"@items('Apply_to_each')?['short_description']","item/Incident State":"@items('Apply_to_each')?['state']","item/Configuration Item":"@items('Apply_to_each')?['cmdb_ci']","item/Assignment Group":"@items('Apply_to_each')?['assignment_group']","item/FaultDetail_HostTPM":"@outputs('HostTPM')","item/FaultDetail_PartnerTPM":"@outputs('PartnerTPM')","item/FaultDetail_PartnerID":"@outputs('PartnerID')","item/FaultDetail_ErrorStatusinfo":"@outputs('ErrorStatusInfo')","item/System ID":"@items('Apply_to_each')?['sys_id']","item/Flow run date":"@convertFromUtc(utcNow(), 'India Standard Time', 'dd-MMM-yyyy hh:mm')"},"authentication":"@parameters('$authentication')"}},"Increment_variable_2":{"runAfter":{"Add_a_row_into_a_table_3":["Succeeded"]},"metadata":{"operationMetadataId":"cec48c53-aa65-4704-b4bb-5388f947d6b6"},"type":"IncrementVariable","inputs":{"name":"Serial No","value":1}}},"runAfter":{},"expression":{"and":[{"contains":["@outputs('HostTPM')","/B2B.4 - Own Systems/MAERSK/AMPS"]},{"contains":["@outputs('PartnerTPM')","NOT_SET"]},{"contains":["@outputs('PartnerID')","FCPSYS"]},{"contains":["@outputs('ErrorStatusInfo')","ERR:acSSC-IN-ProcessMapping:7.2"]}]},"metadata":{"operationMetadataId":"8ef7a1b1-d828-4473-9667-93e80cc2a908"},"type":"If"}},"runAfter":{"ErrorStatusInfo":["Succeeded"]},"expression":{"contains":["@items('Apply_to_each')?['short_description']","FCPSYS | EDIFACT | IN | BICMapping ERROR(3041) | SSC-IN-SFTP"]},"metadata":{"operationMetadataId":"354ef165-845d-46e4-9a79-a45dc8e57a1f"},"type":"If"},"Condition_4":{"actions":{"Add_a_row_into_a_table_4":{"runAfter":{},"metadata":{"012EFUUM3RC2ABBFBISZALOWOMWM4DQICR":"/Documents/Seeburger Use Case/Seeburger Data_For Auto Closure.xlsx","operationMetadataId":"ac4e1c88-082f-462d-96c2-7876fec9aebe","tableId":"{02C97930-B2D7-47BD-8EDC-959E98610591}"},"type":"OpenApiConnection","inputs":{"host":{"apiId":"/providers/Microsoft.PowerApps/apis/shared_excelonlinebusiness","connectionName":"shared_excelonlinebusiness","operationId":"AddRowV2"},"parameters":{"source":"me","drive":"b!zJpPG1MWTkitjHF3FSsfyDyDU35n03hPiKzoDYbuKu9El3fsQfisR7qi3fmPtG4r","file":"012EFUUM3RC2ABBFBISZALOWOMWM4DQICR","table":"{02C97930-B2D7-47BD-8EDC-959E98610591}","item/Serial No":"@variables('Serial No')","item/ID":"@items('Apply_to_each')?['number']","item/Short Description":"@items('Apply_to_each')?['short_description']","item/Incident State":"@items('Apply_to_each')?['state']","item/Configuration Item":"@items('Apply_to_each')?['cmdb_ci']","item/Assignment Group":"@items('Apply_to_each')?['assignment_group']","item/FaultDetail_HostTPM":"@outputs('HostTPM')","item/FaultDetail_PartnerTPM":"@outputs('PartnerTPM')","item/FaultDetail_PartnerID":"@outputs('PartnerID')","item/FaultDetail_ErrorStatusinfo":"@outputs('ErrorStatusInfo')","item/System ID":"@items('Apply_to_each')?['sys_id']","item/Flow run date":"@convertFromUtc(utcNow(), 'India Standard Time', 'dd-MMM-yyyy hh:mm')"},"authentication":"@parameters('$authentication')"}},"Increment_variable_4":{"runAfter":{"Add_a_row_into_a_table_4":["Succeeded"]},"metadata":{"operationMetadataId":"c4f5b8ad-4238-47de-a550-5af1da072cb0"},"type":"IncrementVariable","inputs":{"name":"Serial No","value":1}}},"runAfter":{"ErrorStatusInfo":["Succeeded"]},"expression":{"contains":["@items('Apply_to_each')?['short_description']","EMPTY_FILE"]},"metadata":{"operationMetadataId":"588f5f86-86ba-4124-8974-297f0bbe155a"},"type":"If"}},"runAfter":{"ENTER_":["Succeeded"]},"metadata":{"operationMetadataId":"715e3319-d49d-4c31-9e58-2f6d7440569e"},"type":"Foreach"},"ENTER_":{"runAfter":{"Serial_Number":["Succeeded"]},"metadata":{"operationMetadataId":"48f67aa7-d151-4103-bac7-88dea67840fa"},"type":"InitializeVariable","inputs":{"variables":[{"name":"ENTER","type":"string","value":"\n"}]}},"List_rows_present_in_a_table":{"runAfter":{"List_Records":["Succeeded"]},"metadata":{"012EFUUM2XCLTHSG25XRF2LSZKE5K5A3HJ":"/Documents/Seeburger Use Case/Seeburger Events.xlsx","operationMetadataId":"49b2ebbf-5e03-4cbf-97b2-a01f38a53bad","tableId":"{02C97930-B2D7-47BD-8EDC-959E98610591}","012EFUUM3RC2ABBFBISZALOWOMWM4DQICR":"/Documents/Seeburger Use Case/Seeburger Data_For Auto Closure.xlsx"},"type":"OpenApiConnection","inputs":{"host":{"apiId":"/providers/Microsoft.PowerApps/apis/shared_excelonlinebusiness","connectionName":"shared_excelonlinebusiness","operationId":"GetItems"},"parameters":{"source":"me","drive":"b!zJpPG1MWTkitjHF3FSsfyDyDU35n03hPiKzoDYbuKu9El3fsQfisR7qi3fmPtG4r","file":"012EFUUM3RC2ABBFBISZALOWOMWM4DQICR","table":"{02C97930-B2D7-47BD-8EDC-959E98610591}"},"authentication":"@parameters('$authentication')"},"runtimeConfiguration":{"paginationPolicy":{"minimumItemCount":5000}}},"Get_last_SR_No":{"runAfter":{"List_rows_present_in_a_table":["Succeeded"]},"metadata":{"operationMetadataId":"3b6e6f3a-071f-40ce-883e-b79dddb6a433"},"type":"Compose","inputs":"@int(last(outputs('List_rows_present_in_a_table')?['body/value'])?['Serial No'])"},"Serial_Number":{"runAfter":{"Get_last_SR_No":["Succeeded"]},"metadata":{"operationMetadataId":"0bafa34c-64eb-410d-a358-b65e04f2d886"},"type":"InitializeVariable","inputs":{"variables":[{"name":"Serial No","type":"integer","value":"@add(outputs('Get_last_SR_No'), 1)"}]}},"List_rows_present_in_a_table_2":{"runAfter":{"Apply_to_each":["Succeeded"]},"metadata":{"012EFUUM3RC2ABBFBISZALOWOMWM4DQICR":"/Documents/Seeburger Use Case/Seeburger Data_For Auto Closure.xlsx","operationMetadataId":"394a4936-e962-464a-a05f-ba3e5d154b10","tableId":"{02C97930-B2D7-47BD-8EDC-959E98610591}"},"type":"OpenApiConnection","inputs":{"host":{"apiId":"/providers/Microsoft.PowerApps/apis/shared_excelonlinebusiness","connectionName":"shared_excelonlinebusiness","operationId":"GetItems"},"parameters":{"source":"me","drive":"b!zJpPG1MWTkitjHF3FSsfyDyDU35n03hPiKzoDYbuKu9El3fsQfisR7qi3fmPtG4r","file":"012EFUUM3RC2ABBFBISZALOWOMWM4DQICR","table":"{02C97930-B2D7-47BD-8EDC-959E98610591}"},"authentication":"@parameters('$authentication')"},"runtimeConfiguration":{"paginationPolicy":{"minimumItemCount":5000}}},"Apply_to_each_2":{"foreach":"@outputs('List_rows_present_in_a_table_2')?['body/value']","actions":{"Condition_3":{"actions":{"Compose_3":{"runAfter":{},"metadata":{"operationMetadataId":"548598e2-3b70-4efb-819b-8f40db5f87b7"},"type":"Compose","inputs":1},"Condition_7":{"actions":{"HTTP_2":{"runAfter":{},"metadata":{"operationMetadataId":"e9827c44-d60a-4b4a-b7fa-3529e92db316"},"type":"Http","inputs":{"method":"PATCH","uri":"https://maersk.service-now.com/api/now/v1/table/incident/@{items('Apply_to_each_2')?['System ID']}?sysparm_exclude_ref_link=true","headers":{"Accept":"application/json","Content-Type":"application/json;charset = UTF-8","Server":"ServiceNow","X-is-logged-in":"true"},"queries":{"number":"@items('Apply_to_each_2')?['ID']","incident.state":"6","incident.close_code":"Solved (Automation)","incident.assigned_to":"2366ee591b466d10358ded38b04bcb4f"},"body":{"comments":"No attachment. Ticket for closure.","assigned_to":"2366ee591b466d10358ded38b04bcb4f","state":"6","close_code":"Solved (Automation)","close_notes":"No attachment. Ticket for closure. "},"authentication":{"type":"Basic","username":"Tech_Support","password":":hT}@_whX@s8Jhn$j6NXtr)^Q!{ePJ,;QvdV]1S6"}}},"Update_a_row":{"runAfter":{"HTTP_2":["Succeeded"]},"metadata":{"012EFUUM3RC2ABBFBISZALOWOMWM4DQICR":"/Documents/Seeburger Use Case/Seeburger Data_For Auto Closure.xlsx","operationMetadataId":"393e9033-93b7-43a5-a683-22ddd716d798","tableId":"{02C97930-B2D7-47BD-8EDC-959E98610591}"},"type":"OpenApiConnection","inputs":{"host":{"apiId":"/providers/Microsoft.PowerApps/apis/shared_excelonlinebusiness","connectionName":"shared_excelonlinebusiness","operationId":"PatchItem"},"parameters":{"source":"me","drive":"b!zJpPG1MWTkitjHF3FSsfyDyDU35n03hPiKzoDYbuKu9El3fsQfisR7qi3fmPtG4r","file":"012EFUUM3RC2ABBFBISZALOWOMWM4DQICR","table":"{02C97930-B2D7-47BD-8EDC-959E98610591}","idColumn":"Serial No","id":"@items('Apply_to_each_2')?['Serial No']","item/Resolved Status":"Resolved","item/Closing Notes":"No attachment. Ticket for closure. ","item/Created Date":"@items('Apply_to_each_2')?['Created Date']","item/Flow run date":"@convertFromUtc(utcNow(), 'India Standard Time', 'dd-MMM-yyyy hh:mm')"},"authentication":"@parameters('$authentication')"}}},"runAfter":{"Compose_3":["Succeeded"]},"expression":{"contains":["@items('Apply_to_each_2')?['Short Description']","NOT_SET | NOT_SET | $[DIRECTION] | Other_Types_of_Error | NOT_SET"]},"metadata":{"operationMetadataId":"756d2a20-0157-4b8f-9045-bf7f004821e9"},"type":"If"},"Condition_8":{"actions":{"HTTP_3":{"runAfter":{},"metadata":{"operationMetadataId":"e9827c44-d60a-4b4a-b7fa-3529e92db316"},"type":"Http","inputs":{"method":"PATCH","uri":"https://maersk.service-now.com/api/now/v1/table/incident/@{items('Apply_to_each_2')?['System ID']}?sysparm_exclude_ref_link=true","headers":{"Accept":"application/json","Content-Type":"application/json;charset = UTF-8","Server":"ServiceNow","X-is-logged-in":"true"},"queries":{"number":"@items('Apply_to_each_2')?['ID']","incident.state":"6","incident.close_code":"Solved (Automation)","incident.assigned_to":"2366ee591b466d10358ded38b04bcb4f"},"body":{"comments":"Already raised thru JIRA EDI-49750.","assigned_to":"2366ee591b466d10358ded38b04bcb4f","state":"6","close_code":"Solved (Automation)","close_notes":"Already raised thru JIRA EDI-49750."},"authentication":{"type":"Basic","username":"Tech_Support","password":":hT}@_whX@s8Jhn$j6NXtr)^Q!{ePJ,;QvdV]1S6"}}},"Update_a_row_2":{"runAfter":{"HTTP_3":["Succeeded"]},"metadata":{"012EFUUM3RC2ABBFBISZALOWOMWM4DQICR":"/Documents/Seeburger Use Case/Seeburger Data_For Auto Closure.xlsx","operationMetadataId":"ab1c9a85-84c3-4fe2-b257-2cf8cc80b534","tableId":"{02C97930-B2D7-47BD-8EDC-959E98610591}"},"type":"OpenApiConnection","inputs":{"host":{"apiId":"/providers/Microsoft.PowerApps/apis/shared_excelonlinebusiness","connectionName":"shared_excelonlinebusiness","operationId":"PatchItem"},"parameters":{"source":"me","drive":"b!zJpPG1MWTkitjHF3FSsfyDyDU35n03hPiKzoDYbuKu9El3fsQfisR7qi3fmPtG4r","file":"012EFUUM3RC2ABBFBISZALOWOMWM4DQICR","table":"{02C97930-B2D7-47BD-8EDC-959E98610591}","idColumn":"Serial No","id":"@items('Apply_to_each_2')?['Serial No']","item/Resolved Status":"Resolved","item/Closing Notes":"Already raised thru JIRA EDI-49750.","item/Created Date":"@items('Apply_to_each_2')?['Created Date']","item/Flow run date":"@convertFromUtc(utcNow(), 'India Standard Time', 'dd-MMM-yyyy hh:mm')"},"authentication":"@parameters('$authentication')"}}},"runAfter":{"Compose_3":["Succeeded"]},"expression":{"contains":["@items('Apply_to_each_2')?['Short Description']","INTTRA | XML | OUT | User Defined Error | SSC-OUT-HTTP"]},"metadata":{"operationMetadataId":"71999c3c-2194-4d8d-97ff-685cec05d273"},"type":"If"},"Condition_11":{"actions":{"HTTP_4":{"runAfter":{},"metadata":{"operationMetadataId":"e9827c44-d60a-4b4a-b7fa-3529e92db316"},"type":"Http","inputs":{"method":"PATCH","uri":"https://maersk.service-now.com/api/now/v1/table/incident/@{items('Apply_to_each_2')?['System ID']}?sysparm_exclude_ref_link=true","headers":{"Accept":"application/json","Content-Type":"application/json;charset = UTF-8","Server":"ServiceNow","X-is-logged-in":"true"},"queries":{"number":"@items('Apply_to_each_2')?['Incident State']","incident.state":"6","incident.close_code":"Solved (Automation)","incident.assigned_to":"2366ee591b466d10358ded38b04bcb4f"},"body":{"comments":"No action required. Sent with dummy or different booking.","assigned_to":"2366ee591b466d10358ded38b04bcb4f","state":"6","close_code":"Solved (Automation)","close_notes":"No action required. Sent with dummy or different booking."},"authentication":{"type":"Basic","username":"Tech_Support","password":":hT}@_whX@s8Jhn$j6NXtr)^Q!{ePJ,;QvdV]1S6"}}},"Update_a_row_3":{"runAfter":{"HTTP_4":["Succeeded"]},"metadata":{"012EFUUM3RC2ABBFBISZALOWOMWM4DQICR":"/Documents/Seeburger Use Case/Seeburger Data_For Auto Closure.xlsx","operationMetadataId":"b1af0cbb-f587-400e-9fb7-33a03e8bc249","tableId":"{02C97930-B2D7-47BD-8EDC-959E98610591}"},"type":"OpenApiConnection","inputs":{"host":{"apiId":"/providers/Microsoft.PowerApps/apis/shared_excelonlinebusiness","connectionName":"shared_excelonlinebusiness","operationId":"PatchItem"},"parameters":{"source":"me","drive":"b!zJpPG1MWTkitjHF3FSsfyDyDU35n03hPiKzoDYbuKu9El3fsQfisR7qi3fmPtG4r","file":"012EFUUM3RC2ABBFBISZALOWOMWM4DQICR","table":"{02C97930-B2D7-47BD-8EDC-959E98610591}","idColumn":"Serial No","id":"@items('Apply_to_each_2')?['Serial No']","item/Resolved Status":"Resolved","item/Closing Notes":"No action required. Sent with dummy or different booking.","item/Created Date":"@items('Apply_to_each_2')?['Created Date']","item/Flow run date":"@convertFromUtc(utcNow(), 'India Standard Time', 'dd-MMM-yyyy hh:mm')"},"authentication":"@parameters('$authentication')"}}},"runAfter":{"Compose_3":["Succeeded"]},"expression":{"contains":["@items('Apply_to_each_2')?['Short Description']","FCPSYS | EDIFACT | IN | BICMapping ERROR(3041) | SSC-IN-SFTP"]},"metadata":{"operationMetadataId":"017437bf-1dda-4c7c-b1ff-469581ec57b1"},"type":"If"},"Condition_12":{"actions":{"HTTP_5":{"runAfter":{},"metadata":{"operationMetadataId":"e9827c44-d60a-4b4a-b7fa-3529e92db316"},"type":"Http","inputs":{"method":"PATCH","uri":"https://maersk.service-now.com/api/now/v1/table/incident/@{items('Apply_to_each_2')?['System ID']}?sysparm_exclude_ref_link=true","headers":{"Accept":"application/json","Content-Type":"application/json;charset = UTF-8","Server":"ServiceNow","X-is-logged-in":"true"},"queries":{"number":"@items('Apply_to_each_2')?['ID']","incident.state":"6","incident.close_code":"Solved (Automation)"},"body":{"comments":"EMPTY_FILE. No action required.","assigned_to":"2366ee591b466d10358ded38b04bcb4f","state":"6","close_code":"Solved (Automation)","close_notes":"EMPTY_FILE. No action required."},"authentication":{"type":"Basic","username":"Tech_Support","password":":hT}@_whX@s8Jhn$j6NXtr)^Q!{ePJ,;QvdV]1S6"}}},"Update_a_row_4":{"runAfter":{"HTTP_5":["Succeeded"]},"metadata":{"012EFUUM3RC2ABBFBISZALOWOMWM4DQICR":"/Documents/Seeburger Use Case/Seeburger Data_For Auto Closure.xlsx","operationMetadataId":"b1af0cbb-f587-400e-9fb7-33a03e8bc249","tableId":"{02C97930-B2D7-47BD-8EDC-959E98610591}"},"type":"OpenApiConnection","inputs":{"host":{"apiId":"/providers/Microsoft.PowerApps/apis/shared_excelonlinebusiness","connectionName":"shared_excelonlinebusiness","operationId":"PatchItem"},"parameters":{"source":"me","drive":"b!zJpPG1MWTkitjHF3FSsfyDyDU35n03hPiKzoDYbuKu9El3fsQfisR7qi3fmPtG4r","file":"012EFUUM3RC2ABBFBISZALOWOMWM4DQICR","table":"{02C97930-B2D7-47BD-8EDC-959E98610591}","idColumn":"Serial No","id":"@variables('Serial No')","item/Resolved Status":"Resolved","item/Closing Notes":"EMPTY_FILE. No action required.","item/Created Date":"@items('Apply_to_each_2')?['Created Date']","item/Flow run date":"@convertFromUtc(utcNow(), 'India Standard Time', 'dd-MMM-yyyy hh:mm')"},"authentication":"@parameters('$authentication')"}}},"runAfter":{"Compose_3":["Succeeded"]},"expression":{"contains":["@items('Apply_to_each_2')?['Short Description']","EMPTY_FILE"]},"metadata":{"operationMetadataId":"a539699e-451c-4108-ada4-1ca73de76a6c"},"type":"If"}},"runAfter":{},"expression":{"equals":["@items('Apply_to_each_2')?['Resolved Status']",""]},"metadata":{"operationMetadataId":"5931e80b-4258-4bc1-925b-2f19cc202b05"},"type":"If"}},"runAfter":{"List_rows_present_in_a_table_2":["Succeeded"]},"metadata":{"operationMetadataId":"fba2bb01-163d-46dd-9482-153a6a8579df"},"type":"Foreach"},"Send_an_email_from_a_shared_mailbox_(V2)":{"runAfter":{"Apply_to_each_2":["Succeeded"]},"metadata":{"operationMetadataId":"9e90c7ec-12c3-4b02-8c31-619163a60a7a"},"type":"OpenApiConnection","inputs":{"host":{"apiId":"/providers/Microsoft.PowerApps/apis/shared_office365","connectionName":"shared_office365","operationId":"SharedMailboxSendEmailV2"},"parameters":{"emailMessage/MailboxAddress":"sejal.j@maersk.com","emailMessage/To":"sejal.j@maersk.com","emailMessage/Subject":"Seeburger Auto Closure Flow","emailMessage/Body":"<p>Flow ran for today</p>","emailMessage/Importance":"Normal"},"authentication":"@parameters('$authentication')"}},"Terminate":{"runAfter":{"Send_an_email_from_a_shared_mailbox_(V2)":["Succeeded"]},"metadata":{"operationMetadataId":"616baf66-1e24-4246-b9a6-6e4d02df0dee"},"type":"Terminate","inputs":{"runStatus":"Succeeded"}}}},"connectionReferences":{"shared_service-now_1":{"connectionName":"shared-service-now-997dbb9a-cd99-4b91-83ce-8795d5703bf1","source":"Embedded","id":"/providers/Microsoft.PowerApps/apis/shared_service-now","tier":"NotSpecified"},"shared_excelonlinebusiness":{"connectionName":"shared-excelonlinebu-26a9fe66-8544-4751-9f29-ccd101683ca9","source":"Embedded","id":"/providers/Microsoft.PowerApps/apis/shared_excelonlinebusiness","tier":"NotSpecified"},"shared_office365":{"connectionName":"shared-office365-530d3290-0b7b-4e77-9adf-e7a7c88833e9","source":"Embedded","id":"/providers/Microsoft.PowerApps/apis/shared_office365","tier":"NotSpecified"}},"flowFailureAlertSubscribed":false,"isManaged":false}}