{"name":"8c480359-aed9-42e8-afcb-6ff7c4d45d46","id":"/providers/Microsoft.Flow/flows/8c480359-aed9-42e8-afcb-6ff7c4d45d46","type":"Microsoft.Flow/flows","properties":{"apiId":"/providers/Microsoft.PowerApps/apis/shared_logicflows","displayName":"Copy of - Open Text Email Notification","definition":{"metadata":{"workflowEntityId":null,"processAdvisorMetadata":null,"flowChargedByPaygo":null,"flowclientsuspensionreason":"None","flowclientsuspensiontime":null,"flowclientsuspensionreasondetails":null,"creator":{"id":"6229caa9-7645-4859-a155-d23671951d42","type":"User","tenantId":"05d75c05-fa1a-42e7-9cf1-eb416c396f2d"},"provisioningMethod":"FromDefinition","failureAlertSubscription":true,"clientLastModifiedTime":"2024-07-12T13:46:36.022734Z","connectionKeySavedTimeKey":"2024-07-12T13:46:36.022734Z"},"$schema":"https://schema.management.azure.com/providers/Microsoft.Logic/schemas/2016-06-01/workflowdefinition.json#","contentVersion":"1.0.0.0","parameters":{"$connections":{"defaultValue":{},"type":"Object"},"$authentication":{"defaultValue":{},"type":"SecureObject"}},"triggers":{"When_a_new_email_arrives_(V3)":{"splitOn":"@triggerOutputs()?['body/value']","metadata":{"operationMetadataId":"a9e35104-c98b-4c38-b3e2-a7b13cf6438f"},"type":"OpenApiConnectionNotification","inputs":{"host":{"apiId":"/providers/Microsoft.PowerApps/apis/shared_office365","connectionName":"shared_office365","operationId":"OnNewEmailV3"},"parameters":{"folderPath":"Inbox","includeAttachments":true,"importance":"Any","fetchOnlyWithAttachment":true},"authentication":"@parameters('$authentication')"}}},"actions":{"List_rows_present_in_a_table":{"runAfter":{"Subject":["Succeeded"]},"metadata":{"01WLSW6AUPUHMNXXBKORDJROMFRR6275UV":"/General/Others/OT Contacts.xlsx","operationMetadataId":"33c42a59-05e5-457a-8bab-9b6ecf3df495","tableId":"{57E070E7-2206-4833-AA9D-A5584437D42B}"},"type":"OpenApiConnection","inputs":{"host":{"apiId":"/providers/Microsoft.PowerApps/apis/shared_excelonlinebusiness","connectionName":"shared_excelonlinebusiness_1","operationId":"GetItems"},"parameters":{"source":"https://teamsite.maerskgroup.com/teams/BEPIntegration","drive":"b!cC5zM7SnG0yW06f2TU8j13UTzg2FzrFAk1flB7GIvt81ySZ7or9ASqZgBFnrwNfk","file":"01WLSW6AUPUHMNXXBKORDJROMFRR6275UV","table":"{57E070E7-2206-4833-AA9D-A5584437D42B}"},"authentication":"@parameters('$authentication')"},"runtimeConfiguration":{"paginationPolicy":{"minimumItemCount":5000}}},"Condition":{"actions":{"Fetch_Subject_from_mail":{"runAfter":{},"metadata":{"operationMetadataId":"08aedeb8-bae9-41ca-9216-95164c8b6ace"},"type":"Compose","inputs":"@triggerOutputs()?['body/subject']"},"List_Records":{"runAfter":{"Fetch_Subject_from_mail":["Succeeded"]},"metadata":{"operationMetadataId":"342c6d04-c98f-4d73-988a-8a9926cb5548"},"type":"OpenApiConnection","inputs":{"host":{"apiId":"/providers/Microsoft.PowerApps/apis/shared_service-now","connectionName":"shared_service-now","operationId":"GetRecords"},"parameters":{"tableType":"incident","sysparm_display_value":true,"sysparm_exclude_reference_link":true,"sysparm_query":"assignment_group=6b0a1c244fc1fa405f1db7718110c7c4^caller_id=f6ab45bddb0dba0060d3f1eabf961982^descriptionNOT LIKEinvalid character^descriptionNOT LIKEloc^short_descriptionLIKE@{outputs('Fetch_Subject_from_mail')}"},"authentication":"@parameters('$authentication')"}},"Select":{"runAfter":{"Condition_4":["Succeeded"]},"metadata":{"operationMetadataId":"6594630e-e21e-4d9e-96e6-a8aa43683795"},"type":"Select","inputs":{"from":"@outputs('List_rows_present_in_a_table')?['body/value']","select":"@item()?['Row Labels']"}},"Compose":{"runAfter":{"Select":["Succeeded"]},"metadata":{"operationMetadataId":"08aedeb8-bae9-41ca-9216-95164c8b6ace"},"type":"Compose","inputs":"@split(outputs('Fetch_Subject_from_mail'),'/')"},"Compose_2":{"runAfter":{"Compose":["Succeeded"]},"metadata":{"operationMetadataId":"8b212e32-34fb-49ba-aeea-bd6f81bddefe"},"type":"Compose","inputs":"@take(skip(outputs('Compose'), 1), 3)\r\n"},"Join":{"runAfter":{"Compose_2":["Succeeded"]},"metadata":{"operationMetadataId":"42621b95-ea54-40a1-a0cc-90a85c1ed7ac"},"type":"Join","inputs":{"from":"@outputs('Compose_2')","joinWith":"/"}},"Compose_3":{"runAfter":{"Join":["Succeeded"]},"metadata":{"operationMetadataId":"00a8aeb8-3f0a-4f0f-babb-891ee7a0c253"},"type":"Compose","inputs":"@trim(body('Join'))"},"Apply_to_each_2":{"foreach":"@outputs('List_Records')?['body/result']","actions":{"Create_new_folder":{"runAfter":{},"metadata":{"operationMetadataId":"f0ecece3-5b07-4ce9-b0e0-29886cd8a048"},"type":"OpenApiConnection","inputs":{"host":{"apiId":"/providers/Microsoft.PowerApps/apis/shared_sharepointonline","connectionName":"shared_sharepointonline","operationId":"CreateNewFolder"},"parameters":{"dataset":"https://teamsite.maerskgroup.com/teams/TestBOTgroup","table":"50ff42cc-7862-4189-8dc6-a36adcf975ed","parameters/path":"/General/OpenTextEmailNotification/@{items('Apply_to_each_2')?['number']}"},"authentication":"@parameters('$authentication')"}}},"runAfter":{"Compose_3":["Succeeded"]},"metadata":{"operationMetadataId":"bcbc4fda-61c9-466c-9ce8-864d99bf04ff"},"type":"Foreach"},"Apply_to_each_4":{"foreach":"@triggerOutputs()?['body/attachments']","actions":{"Get_Attachment_(V2)":{"runAfter":{},"metadata":{"operationMetadataId":"dadd8005-67ca-43f3-b2a6-2496a5081b28"},"type":"OpenApiConnection","inputs":{"host":{"apiId":"/providers/Microsoft.PowerApps/apis/shared_office365","connectionName":"shared_office365","operationId":"GetAttachment_V2"},"parameters":{"messageId":"@triggerOutputs()?['body/id']","attachmentId":"@items('Apply_to_each_4')?['id']"},"authentication":"@parameters('$authentication')"}},"Delay":{"runAfter":{"Get_Attachment_(V2)":["Succeeded"]},"metadata":{"operationMetadataId":"e9ac8a00-2a03-4540-b32a-e088ded2b9f3"},"type":"Wait","inputs":{"interval":{"count":10,"unit":"Second"}}},"Condition_2":{"actions":{},"runAfter":{"Delay":["Succeeded"]},"else":{"actions":{"Apply_to_each_3":{"foreach":"@outputs('List_Records')?['body/result']","actions":{"Create_file":{"runAfter":{},"metadata":{"operationMetadataId":"115b07f6-b317-43c8-942f-62582c0d65c1"},"type":"OpenApiConnection","inputs":{"host":{"apiId":"/providers/Microsoft.PowerApps/apis/shared_sharepointonline","connectionName":"shared_sharepointonline","operationId":"CreateFile"},"parameters":{"dataset":"https://teamsite.maerskgroup.com/teams/TestBOTgroup","folderPath":"/Shared Documents/General/OpenTextEmailNotification/@{items('Apply_to_each_3')?['number']}","name":"@outputs('Get_Attachment_(V2)')?['body/name']","body":"@items('Apply_to_each_4')?['contentBytes']"},"authentication":"@parameters('$authentication')"},"runtimeConfiguration":{"contentTransfer":{"transferMode":"Chunked"}}},"Append_to_array_variable_2":{"runAfter":{"Create_file":["Succeeded"]},"metadata":{"operationMetadataId":"c64a01bb-7edc-42dd-937f-20f5e21aa23c"},"type":"AppendToArrayVariable","inputs":{"name":"New_AppendFileContent","value":{"Name":"@outputs('Get_Attachment_(V2)')?['body/name']","ContentBytes":"@items('Apply_to_each_4')?['contentBytes']"}}}},"runAfter":{},"metadata":{"operationMetadataId":"0d20927b-98a0-48aa-882b-a95fe324c046"},"type":"Foreach"}}},"expression":{"or":[{"contains":["@toLower(outputs('Get_Attachment_(V2)')?['body/name'])","image"]},{"contains":["@toLower(outputs('Get_Attachment_(V2)')?['body/name'])","img"]}]},"metadata":{"operationMetadataId":"d2c9c84a-abea-4647-8228-b4128e0ff9f7"},"type":"If"}},"runAfter":{"Apply_to_each_2":["Succeeded"]},"metadata":{"operationMetadataId":"00b39320-8da9-433e-bb09-8781e20cfcb6"},"type":"Foreach"},"List_rows_present_in_a_table_3":{"runAfter":{"Apply_to_each_7":["Succeeded"]},"metadata":{"01WLSW6AUPUHMNXXBKORDJROMFRR6275UV":"/General/Others/OT Contacts.xlsx","operationMetadataId":"33c42a59-05e5-457a-8bab-9b6ecf3df495","tableId":"{57E070E7-2206-4833-AA9D-A5584437D42B}"},"type":"OpenApiConnection","inputs":{"host":{"apiId":"/providers/Microsoft.PowerApps/apis/shared_excelonlinebusiness","connectionName":"shared_excelonlinebusiness_1","operationId":"GetItems"},"parameters":{"source":"https://teamsite.maerskgroup.com/teams/BEPIntegration","drive":"b!cC5zM7SnG0yW06f2TU8j13UTzg2FzrFAk1flB7GIvt81ySZ7or9ASqZgBFnrwNfk","file":"01WLSW6AUPUHMNXXBKORDJROMFRR6275UV","table":"{57E070E7-2206-4833-AA9D-A5584437D42B}","$filter":"contains(RowLabels,'@{trim(outputs('Compose_3'))}')","$top":1},"authentication":"@parameters('$authentication')"},"runtimeConfiguration":{"paginationPolicy":{"minimumItemCount":5000}}},"Apply_to_each_6":{"foreach":"@outputs('List_rows_present_in_a_table_3')?['body/value']","actions":{"Compose_4":{"runAfter":{},"metadata":{"operationMetadataId":"6b0b2183-e8e3-46d7-bbb7-0492b5a05982"},"type":"Compose","inputs":"@items('Apply_to_each_6')?['Contacts']"},"Condition_3":{"actions":{"Apply_to_each":{"foreach":"@outputs('List_Records')?['body/result']","actions":{"Send_an_email_(V2)":{"runAfter":{},"metadata":{"operationMetadataId":"85f2fc25-7654-4537-ad94-856db10cdc0c"},"type":"OpenApiConnection","inputs":{"host":{"apiId":"/providers/Microsoft.PowerApps/apis/shared_office365","connectionName":"shared_office365_2","operationId":"SendEmailV2"},"parameters":{"emailMessage/To":"@outputs('Compose_4')","emailMessage/Subject":"@{items('Apply_to_each')?['number']}-@{outputs('Fetch_Subject_from_mail')}","emailMessage/Body":"<p>Good Day,<br>\n<br>\n<em>The attached file(s) failed to process due to below details-</em><br>\n<strong><br>\n</strong><span style=\"background-color: rgb(247,218,100)\"><strong>TP Code:</strong></span><span style=\"background-color: rgb(247,218,100)\"> </span><span style=\"background-color: rgb(247,218,100)\">@{outputs('TPDoc')}</span><span style=\"background-color: rgb(247,218,100)\"></span><br>\n<strong>Error:</strong>@{outputs('Output_of_Error')}<br>\n@{split(triggerOutputs()?['body/body'], 'ACTION REQUIRED')[0]}<br>\n<strong>Analysis and Recommendation:</strong><br>\nKindly provide us the replacement/return value(s) or update correct details the resend to generate new successful file(s).<br>\n<span style=\"font-size: 14px\"><em>If there is any query regarding this matter, please send an e-mail to eBIS_Support@maersk.com</em></span><br>\n</p>","emailMessage/From":"eBIS_Support@maersk.com","emailMessage/Cc":"maersk@service-now.com","emailMessage/Attachments":"@variables('AppendFileContent')","emailMessage/Importance":"Normal"},"authentication":"@parameters('$authentication')"}},"HTTP":{"runAfter":{"Send_an_email_(V2)":["Succeeded"]},"metadata":{"operationMetadataId":"e9827c44-d60a-4b4a-b7fa-3529e92db316"},"type":"Http","inputs":{"method":"PATCH","uri":"https://maersk.service-now.com/api/now/v1/table/incident/@{items('Apply_to_each')?['sys_id']}?sysparm_exclude_ref_link=true","headers":{"Accept":"application/json","Content-Type":"application/json;charset = UTF-8","Server":"ServiceNow","X-is-logged-in":"true"},"queries":{"number":"@items('Apply_to_each')?['number']","incident.state":"6","incident.close_code":"Solved (Automation)","incident.assigned_to":"2366ee591b466d10358ded38b04bcb4f"},"body":{"comments":"Error Details: Action: Partner Notified","assigned_to":"2366ee591b466d10358ded38b04bcb4f","state":"6","close_code":"Solved (Automation)","close_notes":"Closing as the relevant team has been informed."},"authentication":{"type":"Basic","username":"Tech_Support","password":":hT}@_whX@s8Jhn$j6NXtr)^Q!{ePJ,;QvdV]1S6"}}},"Add_a_row_into_a_table":{"runAfter":{"HTTP":["Succeeded"]},"metadata":{"013HANUD3DKG73VGTK3JBJ7QJ4VPVJKT54":"/SEJAL/Open Text Email Notification/Book1.xlsx","operationMetadataId":"23c30145-ec8c-48c2-bc3c-aca7a874df39","tableId":"{42C51090-E5AA-4C53-A9A1-210B646D69C5}"},"type":"OpenApiConnection","inputs":{"host":{"apiId":"/providers/Microsoft.PowerApps/apis/shared_excelonlinebusiness","connectionName":"shared_excelonlinebusiness","operationId":"AddRowV2"},"parameters":{"source":"me","drive":"b!HKU7pRdB4EeZLQSFNNnhGYtU1JEzuBpDvZciNghAmQizSNh9kQEnSae1AkPgSoP9","file":"013HANUD3DKG73VGTK3JBJ7QJ4VPVJKT54","table":"{42C51090-E5AA-4C53-A9A1-210B646D69C5}","item/INC":"@items('Apply_to_each')?['number']","item/Subject":"@triggerOutputs()?['body/subject']","item/Mail Sent":"Y","item/Partner Contact":"@outputs('Compose_4')","item/Flow run date":"@convertFromUtc(utcNow(), 'India Standard Time', 'dd-MMM-yyyy hh:mm')"},"authentication":"@parameters('$authentication')"}}},"runAfter":{},"metadata":{"operationMetadataId":"1a3040f6-e2c2-49c9-852d-49e2980a4b31"},"type":"Foreach"}},"runAfter":{"Compose_4":["Succeeded"]},"else":{"actions":{"Apply_to_each_5":{"foreach":"@outputs('List_Records')?['body/result']","actions":{"Add_a_row_into_a_table_2":{"runAfter":{},"metadata":{"013HANUD3DKG73VGTK3JBJ7QJ4VPVJKT54":"/SEJAL/Open Text Email Notification/Book1.xlsx","operationMetadataId":"23c30145-ec8c-48c2-bc3c-aca7a874df39","tableId":"{3B3CD92C-B304-4E74-98A2-5BDEA38177CF}"},"type":"OpenApiConnection","inputs":{"host":{"apiId":"/providers/Microsoft.PowerApps/apis/shared_excelonlinebusiness","connectionName":"shared_excelonlinebusiness","operationId":"AddRowV2"},"parameters":{"source":"me","drive":"b!HKU7pRdB4EeZLQSFNNnhGYtU1JEzuBpDvZciNghAmQizSNh9kQEnSae1AkPgSoP9","file":"013HANUD3DKG73VGTK3JBJ7QJ4VPVJKT54","table":"{3B3CD92C-B304-4E74-98A2-5BDEA38177CF}","item/INC":"@items('Apply_to_each_5')?['number']","item/Subject":"@triggerOutputs()?['body/subject']","item/Mail Sent":"N","item/Partner Contact":"Not found","item/Flow run date":"@convertFromUtc(utcNow(), 'India Standard Time', 'dd-MMM-yyyy hh:mm')"},"authentication":"@parameters('$authentication')"}}},"runAfter":{},"metadata":{"operationMetadataId":"37beb6e0-d80b-406b-8b7a-07361c403750"},"type":"Foreach"}}},"expression":{"not":{"equals":["@length(outputs('Compose_4'))",0]}},"metadata":{"operationMetadataId":"55456cb5-a0e9-4efc-b1e9-94863b1a8c63"},"type":"If"}},"runAfter":{"Apply_to_each_10":["Succeeded"]},"metadata":{"operationMetadataId":"7612ca4b-3ae2-40d8-a2c8-16ac44660cd4"},"type":"Foreach"},"Apply_to_each_7":{"foreach":"@outputs('List_Records')?['body/result']","actions":{"Get_files_(properties_only)_2":{"runAfter":{},"metadata":{"operationMetadataId":"b555e3e6-824c-4529-96bb-ba8cf8df748e"},"type":"OpenApiConnection","inputs":{"host":{"apiId":"/providers/Microsoft.PowerApps/apis/shared_sharepointonline","connectionName":"shared_sharepointonline","operationId":"GetFileItems"},"parameters":{"dataset":"https://teamsite.maerskgroup.com/teams/TestBOTgroup","table":"50ff42cc-7862-4189-8dc6-a36adcf975ed","folderPath":"/General/OpenTextEmailNotification/@{items('Apply_to_each_7')?['number']}","viewScopeOption":"Recursive"},"authentication":"@parameters('$authentication')"}},"Apply_to_each_8":{"foreach":"@outputs('Get_files_(properties_only)_2')?['body/value']","actions":{"Condition_5":{"actions":{},"runAfter":{},"else":{"actions":{"Get_file_content_2":{"runAfter":{},"metadata":{"operationMetadataId":"9d23cf76-92ed-4f9c-beff-1a49ef3e3f77"},"type":"OpenApiConnection","inputs":{"host":{"apiId":"/providers/Microsoft.PowerApps/apis/shared_sharepointonline","connectionName":"shared_sharepointonline","operationId":"GetFileContent"},"parameters":{"dataset":"https://teamsite.maerskgroup.com/teams/TestBOTgroup","id":"@items('Apply_to_each_8')?['{Identifier}']","inferContentType":true},"authentication":"@parameters('$authentication')"}},"Append_to_array_variable_3":{"runAfter":{"Get_file_content_2":["Succeeded"]},"metadata":{"operationMetadataId":"c64a01bb-7edc-42dd-937f-20f5e21aa23c"},"type":"AppendToArrayVariable","inputs":{"name":"AppendFileContent","value":{"Name":"@items('Apply_to_each_8')?['{FilenameWithExtension}']","ContentBytes":"@body('Get_file_content_2')"}}}}},"expression":{"or":[{"contains":["@toLower(item()?['{Name}'])","image"]},{"contains":["@toLower(item()?['{Name}'])","img"]}]},"metadata":{"operationMetadataId":"6ba9a813-14e0-44e7-b8ed-265e507c9060"},"type":"If"}},"runAfter":{"Get_files_(properties_only)_2":["Succeeded"]},"metadata":{"operationMetadataId":"749f7fb2-1e6a-4fff-84f6-7cb6d012c81a"},"type":"Foreach"}},"runAfter":{"Apply_to_each_4":["Succeeded"]},"metadata":{"operationMetadataId":"38c5412e-523c-479c-b0ad-44c61dbb983b"},"type":"Foreach"},"Condition_4":{"actions":{"Apply_to_each_9":{"foreach":"@outputs('List_Records')?['body/result']","actions":{"Add_a_row_into_a_table_3":{"runAfter":{},"metadata":{"013HANUD3DKG73VGTK3JBJ7QJ4VPVJKT54":"/SEJAL/Open Text Email Notification/Book1.xlsx","operationMetadataId":"23c30145-ec8c-48c2-bc3c-aca7a874df39","tableId":"{42C51090-E5AA-4C53-A9A1-210B646D69C5}"},"type":"OpenApiConnection","inputs":{"host":{"apiId":"/providers/Microsoft.PowerApps/apis/shared_excelonlinebusiness","connectionName":"shared_excelonlinebusiness","operationId":"AddRowV2"},"parameters":{"source":"me","drive":"b!HKU7pRdB4EeZLQSFNNnhGYtU1JEzuBpDvZciNghAmQizSNh9kQEnSae1AkPgSoP9","file":"013HANUD3DKG73VGTK3JBJ7QJ4VPVJKT54","table":"{42C51090-E5AA-4C53-A9A1-210B646D69C5}","item/INC":"INC Not Found","item/Subject":"@triggerOutputs()?['body/subject']","item/Mail Sent":"N","item/Flow run date":"@convertFromUtc(utcNow(), 'India Standard Time', 'dd-MMM-yyyy hh:mm')"},"authentication":"@parameters('$authentication')"}}},"runAfter":{},"metadata":{"operationMetadataId":"b3ddc5ff-edf2-4a2d-b444-dcfe41ba1715"},"type":"Foreach"}},"runAfter":{"List_Records":["Succeeded"]},"expression":{"equals":["@length(outputs('List_Records')?['body/result'])",0]},"metadata":{"operationMetadataId":"a5838861-37f2-4790-b23b-152be4339dff"},"type":"If"},"Apply_to_each_10":{"foreach":"@outputs('List_Records')?['body/result']","actions":{"Condition_6":{"actions":{"Add_a_row_into_a_table_4":{"runAfter":{},"metadata":{"013HANUD3DKG73VGTK3JBJ7QJ4VPVJKT54":"/SEJAL/Open Text Email Notification/Book1.xlsx","operationMetadataId":"23c30145-ec8c-48c2-bc3c-aca7a874df39","tableId":"{3B3CD92C-B304-4E74-98A2-5BDEA38177CF}"},"type":"OpenApiConnection","inputs":{"host":{"apiId":"/providers/Microsoft.PowerApps/apis/shared_excelonlinebusiness","connectionName":"shared_excelonlinebusiness","operationId":"AddRowV2"},"parameters":{"source":"me","drive":"b!HKU7pRdB4EeZLQSFNNnhGYtU1JEzuBpDvZciNghAmQizSNh9kQEnSae1AkPgSoP9","file":"013HANUD3DKG73VGTK3JBJ7QJ4VPVJKT54","table":"{3B3CD92C-B304-4E74-98A2-5BDEA38177CF}","item/INC":"Not Found","item/Subject":"@triggerOutputs()?['body/subject']","item/Mail Sent":"N","item/Flow run date":"@convertFromUtc(utcNow(), 'India Standard Time', 'dd-MMM-yyyy hh:mm')"},"authentication":"@parameters('$authentication')"}}},"runAfter":{},"expression":{"equals":["@empty(outputs('List_Records')?['body/result'])","@true"]},"metadata":{"operationMetadataId":"c1e43b5a-856a-4387-a90a-1cd3c8409e7e"},"type":"If"}},"runAfter":{"List_rows_present_in_a_table_3":["Succeeded"]},"metadata":{"operationMetadataId":"37beb6e0-d80b-406b-8b7a-07361c403750"},"type":"Foreach"}},"runAfter":{"Delay_2":["Succeeded"]},"expression":{"and":[{"contains":["@triggerOutputs()?['body/subject']","ACTION REQUIRED"]},{"contains":["@triggerOutputs()?['body/from']","opentext.com"]}]},"metadata":{"operationMetadataId":"8f52b102-6fd5-4427-b362-4f9ead968740"},"type":"If"},"Select_2":{"runAfter":{"Initialize_variable_4":["Succeeded"]},"metadata":{"operationMetadataId":"9a3078a1-9a4a-4e8d-85d0-694d9f60207f"},"type":"Select","inputs":{"from":"@outputs('List_rows_present_in_a_table')?['body/value']","select":"@item()?['Row Labels']"}},"Initialize_variable":{"runAfter":{"List_rows_present_in_a_table":["Succeeded"]},"metadata":{"operationMetadataId":"cce29e63-7d1a-4103-96d4-4a4dd1f56840"},"type":"InitializeVariable","inputs":{"variables":[{"name":"EmptyArray","type":"array"}]}},"Initialize_variable_2":{"runAfter":{"Initialize_variable":["Succeeded"]},"metadata":{"operationMetadataId":"a0475ca6-b19b-47aa-88bb-d21521b0d0ba"},"type":"InitializeVariable","inputs":{"variables":[{"name":"AppendFileContent","type":"array"}]}},"Subject":{"runAfter":{"Output_of_Error":["Succeeded"]},"metadata":{"operationMetadataId":"ff660493-362a-442b-9156-95e0da899db0"},"type":"Compose","inputs":"@triggerOutputs()?['body/subject']"},"Initialize_variable_4":{"runAfter":{"Initialize_variable_2":["Succeeded"]},"metadata":{"operationMetadataId":"a0475ca6-b19b-47aa-88bb-d21521b0d0ba"},"type":"InitializeVariable","inputs":{"variables":[{"name":"New_AppendFileContent","type":"array"}]}},"Compose_5":{"runAfter":{},"metadata":{"operationMetadataId":"40d887b0-329d-4569-8fdb-affd2ae0e7b9"},"type":"Compose","inputs":"@split(split(triggerOutputs()?['body/body'], 'APRF')[1],'<br>')[0]"},"Html_to_text":{"runAfter":{"Initialize_variable_3":["Succeeded"]},"metadata":{"operationMetadataId":"59a5ec6c-46bf-44ee-aaf3-c0da764cd20d"},"type":"OpenApiConnection","inputs":{"host":{"apiId":"/providers/Microsoft.PowerApps/apis/shared_conversionservice","connectionName":"shared_conversionservice","operationId":"HtmlToText"},"parameters":{"Content":"<p>@{outputs('Compose_5')}</p>"},"authentication":"@parameters('$authentication')"}},"TPDoc":{"runAfter":{"Html_to_text":["Succeeded"]},"metadata":{"operationMetadataId":"678bf063-aca1-4424-a3ed-4edc14b70df5"},"type":"Compose","inputs":"@trim(split(outputs('Html_to_text')?['body'],variables('Enter'))[0])"},"Initialize_variable_3":{"runAfter":{"Compose_5":["Succeeded"]},"metadata":{"operationMetadataId":"521e6198-1401-4abc-9580-833cb6377eb0"},"type":"InitializeVariable","inputs":{"variables":[{"name":"Enter","type":"string","value":"\n"}]}},"Compose_7":{"runAfter":{"TPDoc":["Succeeded"]},"metadata":{"operationMetadataId":"0612a868-291c-42af-9180-da92f846ff9a"},"type":"Compose","inputs":"@split(split(outputs('Compose_5'), 'ERROR')[1], '<br>')[0]"},"Html_to_text_2":{"runAfter":{"Compose_7":["Succeeded"]},"metadata":{"operationMetadataId":"8e9b6634-4c4c-443b-8db5-a99cc51ce4db"},"type":"OpenApiConnection","inputs":{"host":{"apiId":"/providers/Microsoft.PowerApps/apis/shared_conversionservice","connectionName":"shared_conversionservice","operationId":"HtmlToText"},"parameters":{"Content":"<p>@{outputs('Compose_7')}</p>"},"authentication":"@parameters('$authentication')"}},"Output_of_Error":{"runAfter":{"Html_to_text_2":["Succeeded"]},"metadata":{"operationMetadataId":"15e6c479-3a2e-45a9-9359-0ef4f0a376bc"},"type":"Compose","inputs":"@trim(split(outputs('Html_to_text_2')?['body'],'SNRF')[0])"},"Delay_2":{"runAfter":{"Select_2":["Succeeded"]},"metadata":{"operationMetadataId":"35319881-9660-406b-8fa2-98acd789b8e9"},"type":"Wait","inputs":{"interval":{"count":4,"unit":"Minute"}}},"Terminate":{"runAfter":{"Condition":["Succeeded"]},"metadata":{"operationMetadataId":"da3bd63d-5fca-450c-a5ae-b3d3d939cd1d"},"type":"Terminate","inputs":{"runStatus":"Succeeded"}}}},"connectionReferences":{"shared_excelonlinebusiness_1":{"connectionName":"shared-excelonlinebu-f4d088d8-bc9d-4350-9e35-fb84c8894ad9","source":"Embedded","id":"/providers/Microsoft.PowerApps/apis/shared_excelonlinebusiness","tier":"NotSpecified"},"shared_service-now":{"connectionName":"c793663feabf48efbe4a668fa1a05e30","source":"Embedded","id":"/providers/Microsoft.PowerApps/apis/shared_service-now","tier":"NotSpecified"},"shared_sharepointonline":{"connectionName":"shared-sharepointonl-6410e941-c8c8-4fc2-9a7e-0723ca662b25","source":"Embedded","id":"/providers/Microsoft.PowerApps/apis/shared_sharepointonline","tier":"NotSpecified"},"shared_office365":{"connectionName":"shared-office365-bd85ad37-6d78-4946-8fb1-9fe552765a21","source":"Embedded","id":"/providers/Microsoft.PowerApps/apis/shared_office365","tier":"NotSpecified"},"shared_office365_2":{"connectionName":"9bc74ae00f6e4196a08a43068854cfd4","source":"Embedded","id":"/providers/Microsoft.PowerApps/apis/shared_office365","tier":"NotSpecified"},"shared_excelonlinebusiness":{"connectionName":"shared-excelonlinebu-0a07022b-2e02-499e-9274-f980113e9cff","source":"Embedded","id":"/providers/Microsoft.PowerApps/apis/shared_excelonlinebusiness","tier":"NotSpecified"},"shared_conversionservice":{"connectionName":"shared-conversionser-c12499b2-fa2a-4905-b1f8-3e50eefca0bf","source":"Embedded","id":"/providers/Microsoft.PowerApps/apis/shared_conversionservice","tier":"NotSpecified"}},"flowFailureAlertSubscribed":false,"isManaged":false}}