{"name":"73800ae4-8cf3-47ae-852f-a3d25abed4be","id":"/providers/Microsoft.Flow/flows/73800ae4-8cf3-47ae-852f-a3d25abed4be","type":"Microsoft.Flow/flows","properties":{"apiId":"/providers/Microsoft.PowerApps/apis/shared_logicflows","displayName":"Incident check EDI","definition":{"metadata":{"workflowEntityId":null,"processAdvisorMetadata":null,"flowChargedByPaygo":null,"flowclientsuspensionreason":"None","flowclientsuspensiontime":null,"flowclientsuspensionreasondetails":null,"creator":{"id":"6229caa9-7645-4859-a155-d23671951d42","type":"User","tenantId":"05d75c05-fa1a-42e7-9cf1-eb416c396f2d"},"provisioningMethod":"FromDefinition","failureAlertSubscription":true,"clientLastModifiedTime":"2024-09-28T17:17:54.4249941Z","connectionKeySavedTimeKey":"2024-09-28T17:17:54.4249941Z"},"$schema":"https://schema.management.azure.com/providers/Microsoft.Logic/schemas/2016-06-01/workflowdefinition.json#","contentVersion":"1.0.0.0","parameters":{"$connections":{"defaultValue":{},"type":"Object"},"$authentication":{"defaultValue":{},"type":"SecureObject"}},"triggers":{"Recurrence":{"recurrence":{"frequency":"Minute","interval":60,"timeZone":"India Standard Time","startTime":"2024-07-03 12:30:00"},"metadata":{"operationMetadataId":"1a3109dd-ae4b-4210-973c-2b9622ed5dd0"},"type":"Recurrence"}},"actions":{"Initialize_variable":{"runAfter":{},"metadata":{"operationMetadataId":"1bbb4dc7-6ea6-4df7-9aa6-8351fbc9a9b5"},"type":"InitializeVariable","inputs":{"variables":[{"name":"Incidents","type":"array","value":[]}]}},"Apply_to_each":{"foreach":"@outputs('List_rows_present_in_a_table')?['body/value']","actions":{"List_Records":{"runAfter":{},"metadata":{"operationMetadataId":"396ef431-6da2-4745-b10a-4930affbfd1e"},"type":"OpenApiConnection","inputs":{"host":{"apiId":"/providers/Microsoft.PowerApps/apis/shared_service-now","connectionName":"shared_service-now","operationId":"GetRecords"},"parameters":{"tableType":"incident","sysparm_display_value":true,"sysparm_exclude_reference_link":true,"sysparm_query":"number=@{items('Apply_to_each')?['ID']}"},"authentication":"@parameters('$authentication')"}},"Apply_to_each_2":{"foreach":"@outputs('List_Records')?['body/result']","actions":{"Compose_4":{"runAfter":{},"metadata":{"operationMetadataId":"79184d62-a148-4de4-9adb-41b37775f00a"},"type":"Compose","inputs":"If there is any query regarding this matter, please send an e-mail to eBIS_Support@maersk.com .\n\nBest Regards,\nMaersk eBIS Support"},"Condition":{"actions":{"Append_to_array_variable":{"runAfter":{},"metadata":{"operationMetadataId":"71505883-4101-4f76-8528-e418c984a741"},"type":"AppendToArrayVariable","inputs":{"name":"Incidents","value":"@items('Apply_to_each_2')?['number']"}},"Delete_a_row":{"runAfter":{"Append_to_array_variable":["Succeeded"]},"metadata":{"01WASUEWFCQC7A5CKRZZEKF6X45SJ327QM":"/General/Bicmapping/EDI Resource Attachment .xlsx","operationMetadataId":"c57fa8ee-61a2-4bd8-97fc-2def7283fe08","tableId":"{5DC0AD71-AE6C-41F6-9AB5-67F2D2F39779}"},"type":"OpenApiConnection","inputs":{"host":{"apiId":"/providers/Microsoft.PowerApps/apis/shared_excelonlinebusiness","connectionName":"shared_excelonlinebusiness_2","operationId":"DeleteItem"},"parameters":{"source":"groups/56fdfaf9-3c88-4f81-bd81-619cf5a44d9e","drive":"b!rvlYkZDnrEeE6AMTMhFQ3Gisan59IApKjGWrbIRcUx3MQv9QYniJQY3Go2rc-XXt","file":"01WASUEWFCQC7A5CKRZZEKF6X45SJ327QM","table":"{5DC0AD71-AE6C-41F6-9AB5-67F2D2F39779}","idColumn":"TrackID","id":"@items('Apply_to_each')?['TrackID']"},"authentication":"@parameters('$authentication')"}}},"runAfter":{"Compose_4":["Succeeded"]},"else":{"actions":{"Condition_2":{"actions":{"Append_to_array_variable_2":{"runAfter":{},"metadata":{"operationMetadataId":"71505883-4101-4f76-8528-e418c984a741"},"type":"AppendToArrayVariable","inputs":{"name":"Incidents","value":"@items('Apply_to_each_2')?['number']"}},"Delete_a_row_2":{"runAfter":{"Append_to_array_variable_2":["Succeeded"]},"metadata":{"01WASUEWFCQC7A5CKRZZEKF6X45SJ327QM":"/General/Bicmapping/EDI Resource Attachment .xlsx","operationMetadataId":"c57fa8ee-61a2-4bd8-97fc-2def7283fe08","tableId":"{5DC0AD71-AE6C-41F6-9AB5-67F2D2F39779}"},"type":"OpenApiConnection","inputs":{"host":{"apiId":"/providers/Microsoft.PowerApps/apis/shared_excelonlinebusiness","connectionName":"shared_excelonlinebusiness_2","operationId":"DeleteItem"},"parameters":{"source":"groups/56fdfaf9-3c88-4f81-bd81-619cf5a44d9e","drive":"b!rvlYkZDnrEeE6AMTMhFQ3Gisan59IApKjGWrbIRcUx3MQv9QYniJQY3Go2rc-XXt","file":"01WASUEWFCQC7A5CKRZZEKF6X45SJ327QM","table":"{5DC0AD71-AE6C-41F6-9AB5-67F2D2F39779}","idColumn":"TrackID","id":"@items('Apply_to_each')?['TrackID']"},"authentication":"@parameters('$authentication')"}}},"runAfter":{},"expression":{"not":{"equals":["@items('Apply_to_each_2')?['state']","Assigned"]}},"metadata":{"operationMetadataId":"3cd38b55-e15b-4e4b-90d6-14d4b7781418"},"type":"If"}}},"expression":{"and":[{"contains":["@items('Apply_to_each_2')?['work_notes']","@outputs('Compose_4')"]},{"not":{"equals":["@items('Apply_to_each_2')?['state']","Assigned"]}}]},"metadata":{"operationMetadataId":"3cd38b55-e15b-4e4b-90d6-14d4b7781418"},"type":"If"}},"runAfter":{"List_Records":["Succeeded"]},"metadata":{"operationMetadataId":"ac40f7e3-6c77-4ec0-99e6-3d6e17cb78e9"},"type":"Foreach"}},"runAfter":{"Select":["Succeeded"]},"metadata":{"operationMetadataId":"21c58ecd-c5a6-4122-a84a-79ce93039af3"},"type":"Foreach"},"Compose":{"runAfter":{"Apply_to_each":["Succeeded"]},"metadata":{"operationMetadataId":"a18f4197-8133-4754-8403-38bacec3e221"},"type":"Compose","inputs":"@variables('Incidents')"},"Select":{"runAfter":{"List_rows_present_in_a_table":["Succeeded"]},"metadata":{"operationMetadataId":"5348efc5-8991-427d-aba0-3f852aa8c22d"},"type":"Select","inputs":{"from":"@outputs('List_rows_present_in_a_table')?['body/value']","select":"@item()?['ID']"}},"List_rows_present_in_a_table":{"runAfter":{"Initialize_variable":["Succeeded"]},"metadata":{"01WASUEWFCQC7A5CKRZZEKF6X45SJ327QM":"/General/Bicmapping/EDI Resource Attachment .xlsx","operationMetadataId":"97378924-f21b-4ba9-822a-545f775662d0","tableId":"{5DC0AD71-AE6C-41F6-9AB5-67F2D2F39779}","01WASUEWH3AGP6E76AHZDKSNZRIRPGARZQ":"/General/Bicmapping/Bicmapping.xlsx"},"type":"OpenApiConnection","inputs":{"host":{"apiId":"/providers/Microsoft.PowerApps/apis/shared_excelonlinebusiness","connectionName":"shared_excelonlinebusiness_1","operationId":"GetItems"},"parameters":{"source":"groups/56fdfaf9-3c88-4f81-bd81-619cf5a44d9e","drive":"b!rvlYkZDnrEeE6AMTMhFQ3Gisan59IApKjGWrbIRcUx3MQv9QYniJQY3Go2rc-XXt","file":"01WASUEWFCQC7A5CKRZZEKF6X45SJ327QM","table":"{5DC0AD71-AE6C-41F6-9AB5-67F2D2F39779}"},"authentication":"@parameters('$authentication')"},"runtimeConfiguration":{"paginationPolicy":{"minimumItemCount":5000}}},"List_rows_present_in_a_table_2":{"runAfter":{"Compose":["Succeeded"]},"metadata":{"01WASUEWH3AGP6E76AHZDKSNZRIRPGARZQ":"/General/Bicmapping/Bicmapping.xlsx","operationMetadataId":"fa0098d9-7e1c-4075-8a12-0a5a7cd72110","tableId":"{C7BB1AA5-35C5-4347-8C3D-84689D1AADE4}"},"type":"OpenApiConnection","inputs":{"host":{"apiId":"/providers/Microsoft.PowerApps/apis/shared_excelonlinebusiness","connectionName":"shared_excelonlinebusiness_2","operationId":"GetItems"},"parameters":{"source":"groups/56fdfaf9-3c88-4f81-bd81-619cf5a44d9e","drive":"b!rvlYkZDnrEeE6AMTMhFQ3Gisan59IApKjGWrbIRcUx3MQv9QYniJQY3Go2rc-XXt","file":"01WASUEWH3AGP6E76AHZDKSNZRIRPGARZQ","table":"{C7BB1AA5-35C5-4347-8C3D-84689D1AADE4}","$filter":"EmailSent eq 'N'"},"authentication":"@parameters('$authentication')"},"runtimeConfiguration":{"paginationPolicy":{"minimumItemCount":18000}}},"Apply_to_each_3":{"foreach":"@outputs('Compose_2')","actions":{"List_Records_2":{"runAfter":{},"metadata":{"operationMetadataId":"b77535dc-b3b4-4742-85fa-85f8568a2d26"},"type":"OpenApiConnection","inputs":{"host":{"apiId":"/providers/Microsoft.PowerApps/apis/shared_service-now","connectionName":"shared_service-now_1","operationId":"GetRecords"},"parameters":{"tableType":"incident","sysparm_display_value":true,"sysparm_exclude_reference_link":true,"sysparm_query":"number=@{items('Apply_to_each_3')}"},"authentication":"@parameters('$authentication')"}},"Apply_to_each_4":{"foreach":"@outputs('List_Records_2')?['body/result']","actions":{"Condition_3":{"actions":{},"runAfter":{},"else":{"actions":{"List_rows_present_in_a_table_3":{"runAfter":{},"metadata":{"01WASUEWH3AGP6E76AHZDKSNZRIRPGARZQ":"/General/Bicmapping/Bicmapping.xlsx","operationMetadataId":"0db0dec0-1ed7-44b7-86bc-96ff39eaddd8","tableId":"{C7BB1AA5-35C5-4347-8C3D-84689D1AADE4}"},"type":"OpenApiConnection","inputs":{"host":{"apiId":"/providers/Microsoft.PowerApps/apis/shared_excelonlinebusiness","connectionName":"shared_excelonlinebusiness_2","operationId":"GetItems"},"parameters":{"source":"groups/56fdfaf9-3c88-4f81-bd81-619cf5a44d9e","drive":"b!rvlYkZDnrEeE6AMTMhFQ3Gisan59IApKjGWrbIRcUx3MQv9QYniJQY3Go2rc-XXt","file":"01WASUEWH3AGP6E76AHZDKSNZRIRPGARZQ","table":"{C7BB1AA5-35C5-4347-8C3D-84689D1AADE4}","$filter":"ID eq '@{items('Apply_to_each_4')?['number']}'"},"authentication":"@parameters('$authentication')"}},"Apply_to_each_5":{"foreach":"@outputs('List_rows_present_in_a_table_3')?['body/value']","actions":{"Update_a_row":{"runAfter":{},"metadata":{"01WASUEWH3AGP6E76AHZDKSNZRIRPGARZQ":"/General/Bicmapping/Bicmapping.xlsx","operationMetadataId":"ac8f6b20-2d87-42e6-a43c-8e59c87fa1bd","tableId":"{C7BB1AA5-35C5-4347-8C3D-84689D1AADE4}"},"type":"OpenApiConnection","inputs":{"host":{"apiId":"/providers/Microsoft.PowerApps/apis/shared_excelonlinebusiness","connectionName":"shared_excelonlinebusiness_2","operationId":"PatchItem"},"parameters":{"source":"groups/56fdfaf9-3c88-4f81-bd81-619cf5a44d9e","drive":"b!rvlYkZDnrEeE6AMTMhFQ3Gisan59IApKjGWrbIRcUx3MQv9QYniJQY3Go2rc-XXt","file":"01WASUEWH3AGP6E76AHZDKSNZRIRPGARZQ","table":"{C7BB1AA5-35C5-4347-8C3D-84689D1AADE4}","idColumn":"TrackID","id":"@items('Apply_to_each_5')?['TrackID']","item/EmailSent":"Y"},"authentication":"@parameters('$authentication')"}}},"runAfter":{"List_rows_present_in_a_table_3":["Succeeded"]},"metadata":{"operationMetadataId":"411e870f-2691-41a1-8286-8c40484a3eaf"},"type":"Foreach"}}},"expression":{"equals":["@items('Apply_to_each_4')?['state']","Assigned"]},"metadata":{"operationMetadataId":"3e54341b-ac43-45d6-a80c-dd11af8822e5"},"type":"If"}},"runAfter":{"List_Records_2":["Succeeded"]},"metadata":{"operationMetadataId":"fc298e58-4b69-4292-99bb-6370510fa861"},"type":"Foreach"}},"runAfter":{"Compose_2":["Succeeded"]},"metadata":{"operationMetadataId":"fe2e999f-9bb5-4838-bbb6-ef14c1f6cd8e"},"type":"Foreach"},"Compose_2":{"runAfter":{"Select_2":["Succeeded"]},"metadata":{"operationMetadataId":"c829a6d5-7a5a-40f8-8d26-b20934df4a24"},"type":"Compose","inputs":"@union(body('Select_2'),body('Select_2'))"},"Select_2":{"runAfter":{"List_rows_present_in_a_table_2":["Succeeded"]},"metadata":{"operationMetadataId":"e833636b-992c-409f-a737-befa2106d9d3"},"type":"Select","inputs":{"from":"@outputs('List_rows_present_in_a_table_2')?['body/value']","select":"@item()?['ID']"}}}},"connectionReferences":{"shared_service-now":{"connectionName":"c793663feabf48efbe4a668fa1a05e30","source":"Embedded","id":"/providers/Microsoft.PowerApps/apis/shared_service-now","tier":"NotSpecified"},"shared_excelonlinebusiness_2":{"connectionName":"shared-excelonlinebu-0a07022b-2e02-499e-9274-f980113e9cff","source":"Embedded","id":"/providers/Microsoft.PowerApps/apis/shared_excelonlinebusiness","tier":"NotSpecified"},"shared_excelonlinebusiness_1":{"connectionName":"shared-excelonlinebu-a86714fd-5a75-4fe5-a246-7a8cadbd6e4a","source":"Embedded","id":"/providers/Microsoft.PowerApps/apis/shared_excelonlinebusiness","tier":"NotSpecified"},"shared_service-now_1":{"connectionName":"shared-service-now-ace211af-7b05-4c15-839d-3df28d3b3c9c","source":"Embedded","id":"/providers/Microsoft.PowerApps/apis/shared_service-now","tier":"NotSpecified"}},"flowFailureAlertSubscribed":false,"isManaged":false}}